name_ko,name_en,name_scientific,ins_number,cas_number,aliases,usage_condition,is_allowed,law_source
가교카복시메틸셀룰로스나트륨,Cross-Linked Sodium Carboxymethyl Cellulose,,,,,,True,식품첨가물공전
가티검,Gum Ghatti,,,,,,True,식품첨가물공전
감색소,Persimmon Color,,,,,,True,식품첨가물공전
감초추출물,Licorice Extract,,,,,,True,식품첨가물공전
개미산,Formic Acid,,,,,,True,식품첨가물공전
개미산게라닐,Geranyl Formate,,,,,,True,식품첨가물공전
개미산시트로넬릴,Citronellyl Formate,,,,,,True,식품첨가물공전
개미산이소아밀,Isoamyl Formate,,,,,,True,식품첨가물공전
검레진,Masticatory Substances,,,,,,True,식품첨가물공전
게라니올,Geraniol,,,,,,True,식품첨가물공전
결정셀룰로스,"Cellulose, Microcrystalline",,,,,,True,식품첨가물공전
계피산,Cinnamic Acid,,,,,,True,식품첨가물공전
계피산메틸,Methyl Cinnamate,,,,,,True,식품첨가물공전
계피산에틸,Ethyl Cinnamate,,,,,,True,식품첨가물공전
계피알데히드,Cinnamaldehyde,,,,,,True,식품첨가물공전
계피알콜,Cinnamyl Alcohol,,,,,,True,식품첨가물공전
고량색소,Kaoliang Color,,,,,,True,식품첨가물공전
과산화벤조일(희석),Diluted Benzoyl Peroxide,,,,,,True,식품첨가물공전
과황산암모늄,Ammonium Persulfate,,,,,,True,식품첨가물공전
구아검,Guar Gum,,,,,,True,식품첨가물공전
5'-구아닐산,5'-Guanylic acid,,,,,,True,식품첨가물공전
5'-구아닐산이나트륨,Disodium 5'-Guanylate,,,,,,True,식품첨가물공전
5'-구아닐산칼륨,Dipotassium 5'-Guanylate,,,,,,True,식품첨가물공전
5'-구아닐산칼슘,Calcium 5'-Guanylate,,,,,,True,식품첨가물공전
구연산,Citric Acid,,,,,,True,식품첨가물공전
구연산삼나트륨,Trisodium Citrate,,,,,,True,식품첨가물공전
구연산이수소칼륨,Potassium Dihydrogen Citrate,,,,,,True,식품첨가물공전
구연산일나트륨,Monosodium Citrate,,,,,,True,식품첨가물공전
구연산칼륨,Potassium Citrate,,,,,,True,식품첨가물공전
구연산칼슘,Calcium Citrate,,,,,,True,식품첨가물공전
규산마그네슘,Magnesium Silicate,,,,,,True,식품첨가물공전
No.	품목명,Cross-Linked Sodium Carboxymethyl Cellulose,,,,,,True,식품첨가물공전
1	가교카복시메틸셀룰로스나트륨,Cross-Linked Sodium Carboxymethyl Cellulose,,,,,,True,식품첨가물공전
2	가티검,Gum Ghatti,,,,,,True,식품첨가물공전
3	감색소,Persimmon Color,,,,,,True,식품첨가물공전
4	감초추출물,Licorice Extract,,,,,,True,식품첨가물공전
5	개미산,Formic Acid,,,,,,True,식품첨가물공전
6	개미산게라닐,Geranyl Formate,,,,,,True,식품첨가물공전
7	개미산시트로넬릴,Citronellyl Formate,,,,,,True,식품첨가물공전
8	개미산이소아밀,Isoamyl Formate,,,,,,True,식품첨가물공전
9	검레진,Masticatory Substances,,,,,,True,식품첨가물공전
10	게라니올,Geraniol,,,,,,True,식품첨가물공전
11	결정셀룰로스,"Cellulose, Microcrystalline",,,,,,True,식품첨가물공전
12	계피산,Cinnamic Acid,,,,,,True,식품첨가물공전
13	계피산메틸,Methyl Cinnamate,,,,,,True,식품첨가물공전
14	계피산에틸,Ethyl Cinnamate,,,,,,True,식품첨가물공전
15	계피알데히드,Cinnamaldehyde,,,,,,True,식품첨가물공전
16	계피알콜,Cinnamyl Alcohol,,,,,,True,식품첨가물공전
17	고량색소,Kaoliang Color,,,,,,True,식품첨가물공전
18	과산화벤조일(희석),Diluted Benzoyl Peroxide,,,,,,True,식품첨가물공전
19	과황산암모늄,Ammonium Persulfate,,,,,,True,식품첨가물공전
20	구아검,Guar Gum,,,,,,True,식품첨가물공전
21	5'-구아닐산,5'-Guanylic acid,,,,,,True,식품첨가물공전
22	5'-구아닐산이나트륨,Disodium 5'-Guanylate,,,,,,True,식품첨가물공전
23	5'-구아닐산칼륨,Dipotassium 5'-Guanylate,,,,,,True,식품첨가물공전
24	5'-구아닐산칼슘,Calcium 5'-Guanylate,,,,,,True,식품첨가물공전
25	구연산,Citric Acid,,,,,,True,식품첨가물공전
26	구연산삼나트륨,Trisodium Citrate,,,,,,True,식품첨가물공전
27	구연산이수소칼륨,Potassium Dihydrogen Citrate,,,,,,True,식품첨가물공전
28	구연산일나트륨,Monosodium Citrate,,,,,,True,식품첨가물공전
29	구연산칼륨,Potassium Citrate,,,,,,True,식품첨가물공전
30	구연산칼슘,Calcium Citrate,,,,,,True,식품첨가물공전
31	규산마그네슘,Magnesium Silicate,,,,,,True,식품첨가물공전
규산칼슘,Calcium Silicate,,,,,,True,식품첨가물공전
규소수지,Silicone Resin,,,,,,True,식품첨가물공전
글루코노-δ-락톤,Glucono-δ-Lactone,,,,,,True,식품첨가물공전
글루코만난,Glucomannan,,,,,,True,식품첨가물공전
글루코사민,Glucosamine,,,,,,True,식품첨가물공전
글루콘산,Gluconic Acid,,,,,,True,식품첨가물공전
글루콘산나트륨,Sodium Gluconate,,,,,,True,식품첨가물공전
글루콘산마그네슘,Magnesium Gluconate,,,,,,True,식품첨가물공전
글루콘산철,Ferrous Gluconate,,,,,,True,식품첨가물공전
글루콘산칼륨,Potassium Gluconate,,,,,,True,식품첨가물공전
글루콘산칼슘,Calcium Gluconate,,,,,,True,식품첨가물공전
L-글루탐산,L-Glutamic Acid,,,,,,True,식품첨가물공전
L-글루탐산나트륨,Monosodium L-Glutamate,,,,,,True,식품첨가물공전
글루탐산마그네슘,Magnesium di-L-Glutamate,,,,,,True,식품첨가물공전
L-글루탐산암모늄,Monoammonium L-Glutamate,,,,,,True,식품첨가물공전
L-글루탐산칼륨,,,,,,,True,식품첨가물공전
(Monopotassium L-Glutamate,Monocalcium di-L-Glutamate,,,,,,True,식품첨가물공전
글루탐산칼슘,Monocalcium di-L-Glutamate,,,,,,True,식품첨가물공전
글리세린,Glycerin,,,,,,True,식품첨가물공전
글리세린디아세틸주석산지방산에스테르,Diacetyltartaric Acid and Fatty Acid Esters of Glycerol,,,,,,True,식품첨가물공전
글리세린지방산에스테르,Glycerin Esters of Fatty Acids,,,,,,True,식품첨가물공전
글리신,Glycine,,,,,,True,식품첨가물공전
글리실리진산이나트륨,Disodium Glycyrrhizinate,,,,,,True,식품첨가물공전
금박,Gold Leaf,,,,,,True,식품첨가물공전
김색소,Laver Color,,,,,,True,식품첨가물공전
나린진,Naringin,,,,,,True,식품첨가물공전
나타마이신,Natamycin,,,,,,True,식품첨가물공전
낙산,Butyric Acid,,,,,,True,식품첨가물공전
낙산부틸,Butyl Butyrate,,,,,,True,식품첨가물공전
낙산에틸,Ethyl Butyrate,,,,,,True,식품첨가물공전
낙산이소아밀,Isoamyl Butyrate,,,,,,True,식품첨가물공전
네오탐,Neotame,,,,,,True,식품첨가물공전
γ-노나락톤,γ-Nonalactone,,,,,,True,식품첨가물공전
32	규산칼슘,Calcium Silicate,,,,,,True,식품첨가물공전
33	규소수지,Silicone Resin,,,,,,True,식품첨가물공전
34	글루코노-δ-락톤,Glucono-δ-Lactone,,,,,,True,식품첨가물공전
35	글루코만난,Glucomannan,,,,,,True,식품첨가물공전
36	글루코사민,Glucosamine,,,,,,True,식품첨가물공전
37	글루콘산,Gluconic Acid,,,,,,True,식품첨가물공전
38	글루콘산나트륨,Sodium Gluconate,,,,,,True,식품첨가물공전
39	글루콘산마그네슘,Magnesium Gluconate,,,,,,True,식품첨가물공전
40	글루콘산철,Ferrous Gluconate,,,,,,True,식품첨가물공전
41	글루콘산칼륨,Potassium Gluconate,,,,,,True,식품첨가물공전
42	글루콘산칼슘,Calcium Gluconate,,,,,,True,식품첨가물공전
43	L-글루탐산,L-Glutamic Acid,,,,,,True,식품첨가물공전
44	L-글루탐산나트륨,Monosodium L-Glutamate,,,,,,True,식품첨가물공전
45	글루탐산마그네슘,Magnesium di-L-Glutamate,,,,,,True,식품첨가물공전
46	L-글루탐산암모늄,Monoammonium L-Glutamate,,,,,,True,식품첨가물공전
47	L-글루탐산칼륨,Monocalcium di-L-Glutamate,,,,,,True,식품첨가물공전
48	글루탐산칼슘,Monocalcium di-L-Glutamate,,,,,,True,식품첨가물공전
49	글리세린,Glycerin,,,,,,True,식품첨가물공전
50	글리세린디아세틸주석산지방산에스테르,Diacetyltartaric Acid and Fatty Acid Esters of Glycerol,,,,,,True,식품첨가물공전
51	글리세린지방산에스테르,Glycerin Esters of Fatty Acids,,,,,,True,식품첨가물공전
52	글리신,Glycine,,,,,,True,식품첨가물공전
53	글리실리진산이나트륨,Disodium Glycyrrhizinate,,,,,,True,식품첨가물공전
54	금박,Gold Leaf,,,,,,True,식품첨가물공전
55	김색소,Laver Color,,,,,,True,식품첨가물공전
56	나린진,Naringin,,,,,,True,식품첨가물공전
57	나타마이신,Natamycin,,,,,,True,식품첨가물공전
58	낙산,Butyric Acid,,,,,,True,식품첨가물공전
59	낙산부틸,Butyl Butyrate,,,,,,True,식품첨가물공전
60	낙산에틸,Ethyl Butyrate,,,,,,True,식품첨가물공전
61	낙산이소아밀,Isoamyl Butyrate,,,,,,True,식품첨가물공전
62	네오탐,Neotame,,,,,,True,식품첨가물공전
63	γ-노나락톤,γ-Nonalactone,,,,,,True,식품첨가물공전
니신,Nisin,,,,,,True,식품첨가물공전
담마검,Dammar Gum,,,,,,True,식품첨가물공전
데칸산에틸,Ethyl Decanoate,,,,,,True,식품첨가물공전
데칸알,Decanal,,,,,,True,식품첨가물공전
데칸올,Decanol,,,,,,True,식품첨가물공전
데히드로초산나트륨,Sodium Dehydroacetate,,,,,,True,식품첨가물공전
덱스트란,Dextran,,,,,,True,식품첨가물공전
동클로로필,Copper Chlorophyll,,,,,,True,식품첨가물공전
동클로로필린나트륨,Sodium Copper Chlorophyllin,,,,,,True,식품첨가물공전
동클로로필린칼륨,Potassium Copper Chlorophyllin,,,,,,True,식품첨가물공전
디부틸히드록시톨루엔,Butylated Hydroxy Toluene,,,,,,True,식품첨가물공전
라우린산,Lauric Acid,,,,,,True,식품첨가물공전
라우릴황산나트륨,Sodium Lauryl Sulfate,,,,,,True,식품첨가물공전
락색소,Lac Color,,,,,,True,식품첨가물공전
락티톨,Lactitol,,,,,,True,식품첨가물공전
레시틴,Lecithin,,,,,,True,식품첨가물공전
로진,Rosin,,,,,,True,식품첨가물공전
로커스트콩검,Locust Bean Gum,,,,,,True,식품첨가물공전
루틴,Rutin,,,,,,True,식품첨가물공전
리나롤,Linalool,,,,,,True,식품첨가물공전
5'-리보뉴클레오티드이나트륨,Disodium 5'-Ribonucleotide,,,,,,True,식품첨가물공전
5'-리보뉴클레오티드칼슘,Calcium 5'-Ribonucleotide,,,,,,True,식품첨가물공전
D-리보오스,D-Ribose,,,,,,True,식품첨가물공전
마리골드색소,Tagetes Extract,,,,,,True,식품첨가물공전
만니톨,D-Mannitol,,,,,,True,식품첨가물공전
말톨,Maltol,,,,,,True,식품첨가물공전
D-말티톨,D-Maltitol; Hydrogenated Maltose,,,,,,True,식품첨가물공전
말티톨시럽,Maltitol Syrup,,,,,,True,식품첨가물공전
91 말티톨액('26.1.1. 시행),Maltitol Syrup,,,,,,True,식품첨가물공전
메타인산나트륨,Sodium Metaphosphate,,,,,,True,식품첨가물공전
메타인산칼륨,Potassium Metaphosphate,,,,,,True,식품첨가물공전
메타중아황산나트륨,Sodium Metabisulfite,,,,,,True,식품첨가물공전
메타중아황산칼륨,Potassium Metabisulfite,,,,,,True,식품첨가물공전
64	니신,Nisin,,,,,,True,식품첨가물공전
65	담마검,Dammar Gum,,,,,,True,식품첨가물공전
66	데칸산에틸,Ethyl Decanoate,,,,,,True,식품첨가물공전
67	데칸알,Decanal,,,,,,True,식품첨가물공전
68	데칸올,Decanol,,,,,,True,식품첨가물공전
69	데히드로초산나트륨,Sodium Dehydroacetate,,,,,,True,식품첨가물공전
70	덱스트란,Dextran,,,,,,True,식품첨가물공전
71	동클로로필,Copper Chlorophyll,,,,,,True,식품첨가물공전
72	동클로로필린나트륨,Sodium Copper Chlorophyllin,,,,,,True,식품첨가물공전
73	동클로로필린칼륨,Potassium Copper Chlorophyllin,,,,,,True,식품첨가물공전
74	디부틸히드록시톨루엔,Butylated Hydroxy Toluene,,,,,,True,식품첨가물공전
75	라우린산,Lauric Acid,,,,,,True,식품첨가물공전
76	라우릴황산나트륨,Sodium Lauryl Sulfate,,,,,,True,식품첨가물공전
77	락색소,Lac Color,,,,,,True,식품첨가물공전
78	락티톨,Lactitol,,,,,,True,식품첨가물공전
79	레시틴,Lecithin,,,,,,True,식품첨가물공전
80	로진,Rosin,,,,,,True,식품첨가물공전
81	로커스트콩검,Locust Bean Gum,,,,,,True,식품첨가물공전
82	루틴,Rutin,,,,,,True,식품첨가물공전
83	리나롤,Linalool,,,,,,True,식품첨가물공전
84	5'-리보뉴클레오티드이나트륨,Disodium 5'-Ribonucleotide,,,,,,True,식품첨가물공전
85	5'-리보뉴클레오티드칼슘,Calcium 5'-Ribonucleotide,,,,,,True,식품첨가물공전
86	D-리보오스,D-Ribose,,,,,,True,식품첨가물공전
87	마리골드색소,Tagetes Extract,,,,,,True,식품첨가물공전
88	만니톨,D-Mannitol,,,,,,True,식품첨가물공전
89	말톨,Maltol,,,,,,True,식품첨가물공전
90	D-말티톨,D-Maltitol; Hydrogenated Maltose,,,,,,True,식품첨가물공전
91	말티톨시럽,Maltitol Syrup,,,,,,True,식품첨가물공전
92	메타인산나트륨,Sodium Metaphosphate,,,,,,True,식품첨가물공전
93	메타인산칼륨,Potassium Metaphosphate,,,,,,True,식품첨가물공전
94	메타중아황산나트륨,Sodium Metabisulfite,,,,,,True,식품첨가물공전
95	메타중아황산칼륨,Potassium Metabisulfite,,,,,,True,식품첨가물공전
메틸β-나프틸케톤,Methyl β-Naphthyl Ketone,,,,,,True,식품첨가물공전
메틸셀룰로스,Methyl Cellulose,,,,,,True,식품첨가물공전
N-메틸안트라닐산메틸,Methyl N-Methylanthranilate,,,,,,True,식품첨가물공전
메틸에틸셀룰로스,Methyl ethyl cellulose,,,,,,True,식품첨가물공전
dl-멘톨,dl-Menthol,,,,,,True,식품첨가물공전
l-멘톨,l-Menthol,,,,,,True,식품첨가물공전
몰식자산,Gallic Acid,,,,,,True,식품첨가물공전
몰식자산프로필,Propyl Gallate,,,,,,True,식품첨가물공전
몰포린지방산염,Morpholine Salts of Fatty Acids,,,,,,True,식품첨가물공전
무궁화색소,Hibiscus Color,,,,,,True,식품첨가물공전
무수아황산,Sulfur Dioxide,,,,,,True,식품첨가물공전
미리스트산,Myristic Acid,,,,,,True,식품첨가물공전
미세섬유상셀룰로스,Microfibrillated Cellulose,,,,,,True,식품첨가물공전
밀납,Beeswax,,,,,,True,식품첨가물공전
바닐린,Vanillin,,,,,,True,식품첨가물공전
베리류색소,Berries Color,,,,,,True,식품첨가물공전
베타인,Betaine,,,,,,True,식품첨가물공전
벤즈알데히드,Benzaldehyde,,,,,,True,식품첨가물공전
벤질알콜,Benzyl Alcohol,,,,,,True,식품첨가물공전
변성전분,Food Starch Modified,,,,,,True,식품첨가물공전
변성호프추출물,Modified Hop Extract,,,,,,True,식품첨가물공전
봉선화추출물,Garden Balsam Extract,,,,,,True,식품첨가물공전
부틸히드록시아니솔,Butylated Hydroxy Anisole,,,,,,True,식품첨가물공전
분말셀룰로스,"Cellulose, Powdered",,,,,,True,식품첨가물공전
비타민B2,Riboflavin,,,,,,True,식품첨가물공전
비타민C,L-Ascorbic Acid,,,,,,True,식품첨가물공전
비타민E,dl-α-Tocopherol,,,,,,True,식품첨가물공전
비트레드,Beet Red,,,,,,True,식품첨가물공전
빙초산,Glacial Acetic Acid,,,,,,True,식품첨가물공전
DL-사과산,DL-Malic Acid,,,,,,True,식품첨가물공전
DL-사과산나트륨,Sodium DL-Malate,,,,,,True,식품첨가물공전
사일리움씨드검,Psyllium Seed Gum,,,,,,True,식품첨가물공전
96	메틸β-나프틸케톤,Methyl β-Naphthyl Ketone,,,,,,True,식품첨가물공전
97	메틸셀룰로스,Methyl Cellulose,,,,,,True,식품첨가물공전
98	N-메틸안트라닐산메틸,Methyl N-Methylanthranilate,,,,,,True,식품첨가물공전
99	메틸에틸셀룰로스,Methyl ethyl cellulose,,,,,,True,식품첨가물공전
100	dl-멘톨,dl-Menthol,,,,,,True,식품첨가물공전
101	l-멘톨,l-Menthol,,,,,,True,식품첨가물공전
102	몰식자산,Gallic Acid,,,,,,True,식품첨가물공전
103	몰식자산프로필,Propyl Gallate,,,,,,True,식품첨가물공전
104	몰포린지방산염,Morpholine Salts of Fatty Acids,,,,,,True,식품첨가물공전
105	무궁화색소,Hibiscus Color,,,,,,True,식품첨가물공전
106	무수아황산,Sulfur Dioxide,,,,,,True,식품첨가물공전
107	미리스트산,Myristic Acid,,,,,,True,식품첨가물공전
108	미세섬유상셀룰로스,Microfibrillated Cellulose,,,,,,True,식품첨가물공전
109	밀납,Beeswax,,,,,,True,식품첨가물공전
110	바닐린,Vanillin,,,,,,True,식품첨가물공전
111	베리류색소,Berries Color,,,,,,True,식품첨가물공전
112	베타인,Betaine,,,,,,True,식품첨가물공전
113	벤즈알데히드,Benzaldehyde,,,,,,True,식품첨가물공전
114	벤질알콜,Benzyl Alcohol,,,,,,True,식품첨가물공전
115	변성전분,Food Starch Modified,,,,,,True,식품첨가물공전
116	변성호프추출물,Modified Hop Extract,,,,,,True,식품첨가물공전
117	봉선화추출물,Garden Balsam Extract,,,,,,True,식품첨가물공전
118	부틸히드록시아니솔,Butylated Hydroxy Anisole,,,,,,True,식품첨가물공전
119	분말셀룰로스,"Cellulose, Powdered",,,,,,True,식품첨가물공전
120	비타민B2,Riboflavin,,,,,,True,식품첨가물공전
121	비타민C,L-Ascorbic Acid,,,,,,True,식품첨가물공전
122	비타민E,dl-α-Tocopherol,,,,,,True,식품첨가물공전
123	비트레드,Beet Red,,,,,,True,식품첨가물공전
124	빙초산,Glacial Acetic Acid,,,,,,True,식품첨가물공전
125	DL-사과산,DL-Malic Acid,,,,,,True,식품첨가물공전
126	DL-사과산나트륨,Sodium DL-Malate,,,,,,True,식품첨가물공전
127	사일리움씨드검,Psyllium Seed Gum,,,,,,True,식품첨가물공전
사카린나트륨,Sodium Saccharin,,,,,,True,식품첨가물공전
사프란색소,Saffron Color,,,,,,True,식품첨가물공전
산성아황산나트륨,Sodium Bisulfite,,,,,,True,식품첨가물공전
산성알루미늄인산나트륨,"Sodium Aluminium Phosphate, Acidic",,,,,,True,식품첨가물공전
산성피로인산나트륨,Disodium Dihydrogen Pyrophosphate,,,,,,True,식품첨가물공전
산성피로인산칼슘,Calcium Dihydrogen Pyrophosphate,,,,,,True,식품첨가물공전
산소,Oxygen,,,,,,True,식품첨가물공전
산화마그네슘,Magnesium Oxide,,,,,,True,식품첨가물공전
산화철,Iron Oxides,,,,,,True,식품첨가물공전
산화칼슘,Calcium Oxide,,,,,,True,식품첨가물공전
살리실산메틸,Methyl Salicylate,,,,,,True,식품첨가물공전
석유왁스,Petroleum Wax,,,,,,True,식품첨가물공전
세스퀴탄산나트륨,Sodium Sesquicarbonate,,,,,,True,식품첨가물공전
소르비탄지방산에스테르,Sorbitan Esters of Fatty Acids,,,,,,True,식품첨가물공전
소브산,Sorbic Acid,,,,,,True,식품첨가물공전
소브산칼륨,Potassium Sorbate,,,,,,True,식품첨가물공전
소브산칼슘,Calcium Sorbate,,,,,,True,식품첨가물공전
D-소비톨,D-Sorbitol,,,,,,True,식품첨가물공전
D-소비톨액,D-Sorbitol Syrup,,,,,,True,식품첨가물공전
수산화나트륨,Sodium Hydroxide,,,,,,True,식품첨가물공전
수산화나트륨액,Sodium Hydroxide Solution,,,,,,True,식품첨가물공전
수산화마그네슘,Magnesium Hydroxide,,,,,,True,식품첨가물공전
수산화암모늄,Ammonium Hydroxide,,,,,,True,식품첨가물공전
수산화칼륨,Potassium Hydroxide,,,,,,True,식품첨가물공전
수산화칼슘,Calcium Hydroxide,,,,,,True,식품첨가물공전
수소,Hydrogen,,,,,,True,식품첨가물공전
수용성안나토,"Annatto, Water-Soluble",,,,,,True,식품첨가물공전
수크랄로스,Sucralose,,,,,,True,식품첨가물공전
쉘락,Shellac,,,,,,True,식품첨가물공전
스모크향,Smoke Flavours,,,,,,True,식품첨가물공전
스테비올배당체,Steviol Glycoside,,,,,,True,식품첨가물공전
스테아린산마그네슘,Magnesium Stearate,,,,,,True,식품첨가물공전
128	사카린나트륨,Sodium Saccharin,,,,,,True,식품첨가물공전
129	사프란색소,Saffron Color,,,,,,True,식품첨가물공전
130	산성아황산나트륨,Sodium Bisulfite,,,,,,True,식품첨가물공전
131	산성알루미늄인산나트륨,"Sodium Aluminium Phosphate, Acidic",,,,,,True,식품첨가물공전
132	산성피로인산나트륨,Disodium Dihydrogen Pyrophosphate,,,,,,True,식품첨가물공전
133	산성피로인산칼슘,Calcium Dihydrogen Pyrophosphate,,,,,,True,식품첨가물공전
134	산소,Oxygen,,,,,,True,식품첨가물공전
135	산화마그네슘,Magnesium Oxide,,,,,,True,식품첨가물공전
136	산화철,Iron Oxides,,,,,,True,식품첨가물공전
137	산화칼슘,Calcium Oxide,,,,,,True,식품첨가물공전
138	살리실산메틸,Methyl Salicylate,,,,,,True,식품첨가물공전
139	석유왁스,Petroleum Wax,,,,,,True,식품첨가물공전
140	세스퀴탄산나트륨,Sodium Sesquicarbonate,,,,,,True,식품첨가물공전
141	소르비탄지방산에스테르,Sorbitan Esters of Fatty Acids,,,,,,True,식품첨가물공전
142	소브산,Sorbic Acid,,,,,,True,식품첨가물공전
143	소브산칼륨,Potassium Sorbate,,,,,,True,식품첨가물공전
144	소브산칼슘,Calcium Sorbate,,,,,,True,식품첨가물공전
145	D-소비톨,D-Sorbitol,,,,,,True,식품첨가물공전
146	D-소비톨액,D-Sorbitol Syrup,,,,,,True,식품첨가물공전
147	수산화나트륨,Sodium Hydroxide,,,,,,True,식품첨가물공전
148	수산화나트륨액,Sodium Hydroxide Solution,,,,,,True,식품첨가물공전
149	수산화마그네슘,Magnesium Hydroxide,,,,,,True,식품첨가물공전
150	수산화암모늄,Ammonium Hydroxide,,,,,,True,식품첨가물공전
151	수산화칼륨,Potassium Hydroxide,,,,,,True,식품첨가물공전
152	수산화칼슘,Calcium Hydroxide,,,,,,True,식품첨가물공전
153	수소,Hydrogen,,,,,,True,식품첨가물공전
154	수용성안나토,"Annatto, Water-Soluble",,,,,,True,식품첨가물공전
155	수크랄로스,Sucralose,,,,,,True,식품첨가물공전
156	쉘락,Shellac,,,,,,True,식품첨가물공전
157	스모크향,Smoke Flavours,,,,,,True,식품첨가물공전
158	스테비올배당체,Steviol Glycoside,,,,,,True,식품첨가물공전
159	스테아린산마그네슘,Magnesium Stearate,,,,,,True,식품첨가물공전
스테아린산칼슘,Calcium Stearate,,,,,,True,식품첨가물공전
스테아릴젖산나트륨,Sodium Stearoyl Lactylate,,,,,,True,식품첨가물공전
스테아릴젖산칼슘,Calcium Stearoyl Lactylate,,,,,,True,식품첨가물공전
스피룰리나색소,Spirulina Color,,,,,,True,식품첨가물공전
L-시스테인염산염,L-Cysteine Monohydrochloride,,,,,,True,식품첨가물공전
시아너트색소,Shea Nut Color,,,,,,True,식품첨가물공전
시클로덱스트린,Cyclodextrin,,,,,,True,식품첨가물공전
시클로덱스트린시럽,Cyclodextrin Syrup,,,,,,True,식품첨가물공전
167 시클로덱스트린액('26.1.1. 시행),Cyclodextrin Syrup,,,,,,True,식품첨가물공전
시클로헥산프로피온산알릴,Allyl Cyclohexane propionate,,,,,,True,식품첨가물공전
시트랄,Citral,,,,,,True,식품첨가물공전
시트로넬랄,Citronellal,,,,,,True,식품첨가물공전
시트로넬롤,Citronellol,,,,,,True,식품첨가물공전
식용색소녹색제3호,Food Green No.3,,,,,,True,식품첨가물공전
식용색소녹색제3호 알루미늄레이크,Food Green No.3 Aluminium Lake,,,,,,True,식품첨가물공전
식용색소적색제2호,Food Red No.2,,,,,,True,식품첨가물공전
식용색소적색제2호 알루미늄레이크,Food Red No.2 Aluminium Lake,,,,,,True,식품첨가물공전
식용색소적색제3호,Food Red No.3,,,,,,True,식품첨가물공전
식용색소적색제40호,Food Red No.40 Allura Red,,,,,,True,식품첨가물공전
식용색소적색제40호 알루미늄레이크,Food Red No.40 Aluminium Lake,,,,,,True,식품첨가물공전
식용색소적색제102호,Food Red No.102,,,,,,True,식품첨가물공전
식용색소청색제1호,Food Blue No.1,,,,,,True,식품첨가물공전
식용색소청색제1호 알루미늄레이크,Food Blue No.1 Aluminium Lake,,,,,,True,식품첨가물공전
식용색소청색제2호,Food Blue No.2,,,,,,True,식품첨가물공전
식용색소청색제2호 알루미늄레이크,Food Blue No.2 Aluminium Lake,,,,,,True,식품첨가물공전
식용색소황색제4호,Food Yellow No.4,,,,,,True,식품첨가물공전
식용색소황색제4호 알루미늄레이크,Food Yellow No.4 Aluminium Lake,,,,,,True,식품첨가물공전
식용색소황색제5호,Food Yellow No.5,,,,,,True,식품첨가물공전
식용색소황색제5호 알루미늄레이크,Food Yellow No.5 Aluminium Lake,,,,,,True,식품첨가물공전
실리코알루민산나트륨,Sodium Silicoaluminate,,,,,,True,식품첨가물공전
심황색소,Curcumin,,,,,,True,식품첨가물공전
쌀겨왁스,Rice Bran Wax,,,,,,True,식품첨가물공전
아니스알데히드,Anisaldehyde,,,,,,True,식품첨가물공전
160	스테아린산칼슘,Calcium Stearate,,,,,,True,식품첨가물공전
161	스테아릴젖산나트륨,Sodium Stearoyl Lactylate,,,,,,True,식품첨가물공전
162	스테아릴젖산칼슘,Calcium Stearoyl Lactylate,,,,,,True,식품첨가물공전
163	스피룰리나색소,Spirulina Color,,,,,,True,식품첨가물공전
164	L-시스테인염산염,L-Cysteine Monohydrochloride,,,,,,True,식품첨가물공전
165	시아너트색소,Shea Nut Color,,,,,,True,식품첨가물공전
166	시클로덱스트린,Cyclodextrin,,,,,,True,식품첨가물공전
167	시클로덱스트린시럽,Cyclodextrin Syrup,,,,,,True,식품첨가물공전
168	시클로헥산프로피온산알릴,Allyl Cyclohexane propionate,,,,,,True,식품첨가물공전
169	시트랄,Citral,,,,,,True,식품첨가물공전
170	시트로넬랄,Citronellal,,,,,,True,식품첨가물공전
171	시트로넬롤,Citronellol,,,,,,True,식품첨가물공전
172	식용색소녹색제3호,Food Green No.3,,,,,,True,식품첨가물공전
173	식용색소녹색제3호 알루미늄레이크,Food Green No.3 Aluminium Lake,,,,,,True,식품첨가물공전
174	식용색소적색제2호,Food Red No.2,,,,,,True,식품첨가물공전
175	식용색소적색제2호 알루미늄레이크,Food Red No.2 Aluminium Lake,,,,,,True,식품첨가물공전
176	식용색소적색제3호,Food Red No.3,,,,,,True,식품첨가물공전
177	식용색소적색제40호,Food Red No.40 Allura Red,,,,,,True,식품첨가물공전
178	식용색소적색제40호 알루미늄레이크,Food Red No.40 Aluminium Lake,,,,,,True,식품첨가물공전
179	식용색소적색제102호,Food Red No.102,,,,,,True,식품첨가물공전
180	식용색소청색제1호,Food Blue No.1,,,,,,True,식품첨가물공전
181	식용색소청색제1호 알루미늄레이크,Food Blue No.1 Aluminium Lake,,,,,,True,식품첨가물공전
182	식용색소청색제2호,Food Blue No.2,,,,,,True,식품첨가물공전
183	식용색소청색제2호 알루미늄레이크,Food Blue No.2 Aluminium Lake,,,,,,True,식품첨가물공전
184	식용색소황색제4호,Food Yellow No.4,,,,,,True,식품첨가물공전
185	식용색소황색제4호 알루미늄레이크,Food Yellow No.4 Aluminium Lake,,,,,,True,식품첨가물공전
186	식용색소황색제5호,Food Yellow No.5,,,,,,True,식품첨가물공전
187	식용색소황색제5호 알루미늄레이크,Food Yellow No.5 Aluminium Lake,,,,,,True,식품첨가물공전
188	실리코알루민산나트륨,Sodium Silicoaluminate,,,,,,True,식품첨가물공전
189	심황색소,Curcumin,,,,,,True,식품첨가물공전
190	쌀겨왁스,Rice Bran Wax,,,,,,True,식품첨가물공전
191	아니스알데히드,Anisaldehyde,,,,,,True,식품첨가물공전
아디프산,Adipic Acid,,,,,,True,식품첨가물공전
아라비노갈락탄,Arabinogalactan,,,,,,True,식품첨가물공전
아라비아검,Arabic Gum,,,,,,True,식품첨가물공전
아미드펙틴,Amidated Pectin,,,,,,True,식품첨가물공전
α-아밀신남알데히드,α-Amylcinnamaldehyde,,,,,,True,식품첨가물공전
아산화질소,Nitrous Oxide,,,,,,True,식품첨가물공전
아세설팜칼륨,Acesulfame Potassium,,,,,,True,식품첨가물공전
아세토초산에틸,Ethyl Acetoacetate,,,,,,True,식품첨가물공전
아세토페논,Acetophenone,,,,,,True,식품첨가물공전
L-아스코브산나트륨,Sodium L-Ascorbate,,,,,,True,식품첨가물공전
L-아스코브산칼슘,Calcium L-Ascorbate,,,,,,True,식품첨가물공전
L-아스코빌스테아레이트,L-Ascorbyl Stearate,,,,,,True,식품첨가물공전
L-아스코빌팔미테이트,L-Ascorbyl Palmitate,,,,,,True,식품첨가물공전
아스파탐,Aspartame,,,,,,True,식품첨가물공전
아조디카르본아미드,Azodicarbonamide,,,,,,True,식품첨가물공전
아질산나트륨,Sodium Nitrite,,,,,,True,식품첨가물공전
β-아포-8'-카로티날,β-Apo-8'-Carotenal,,,,,,True,식품첨가물공전
아황산나트륨,Sodium Sulfite,,,,,,True,식품첨가물공전
안나토색소,Annatto Extract,,,,,,True,식품첨가물공전
안식향산,Benzoic Acid,,,,,,True,식품첨가물공전
안식향산나트륨,Sodium Benzoate,,,,,,True,식품첨가물공전
안식향산칼륨,Potassium Benzoate,,,,,,True,식품첨가물공전
안식향산칼슘,Calcium Benzoate,,,,,,True,식품첨가물공전
안트라닐산메틸,Methyl Anthranilate,,,,,,True,식품첨가물공전
알긴산,Alginic Acid,,,,,,True,식품첨가물공전
알긴산나트륨,Sodium Alginate,,,,,,True,식품첨가물공전
알긴산암모늄,Ammonium Alginate,,,,,,True,식품첨가물공전
알긴산칼륨,Potassium Alginate,,,,,,True,식품첨가물공전
알긴산칼슘,Calcium Alginate,,,,,,True,식품첨가물공전
알긴산프로필렌글리콜,Propylene Glycol Alginate,,,,,,True,식품첨가물공전
DL-알라닌,DL-Alanine,,,,,,True,식품첨가물공전
알팔파추출색소,Alfalfa Extract,,,,,,True,식품첨가물공전
192	아디프산,Adipic Acid,,,,,,True,식품첨가물공전
193	아라비노갈락탄,Arabinogalactan,,,,,,True,식품첨가물공전
194	아라비아검,Arabic Gum,,,,,,True,식품첨가물공전
195	아미드펙틴,Amidated Pectin,,,,,,True,식품첨가물공전
196	α-아밀신남알데히드,α-Amylcinnamaldehyde,,,,,,True,식품첨가물공전
197	아산화질소,Nitrous Oxide,,,,,,True,식품첨가물공전
198	아세설팜칼륨,Acesulfame Potassium,,,,,,True,식품첨가물공전
199	아세토초산에틸,Ethyl Acetoacetate,,,,,,True,식품첨가물공전
200	아세토페논,Acetophenone,,,,,,True,식품첨가물공전
201	L-아스코브산나트륨,Sodium L-Ascorbate,,,,,,True,식품첨가물공전
202	L-아스코브산칼슘,Calcium L-Ascorbate,,,,,,True,식품첨가물공전
203	L-아스코빌스테아레이트,L-Ascorbyl Stearate,,,,,,True,식품첨가물공전
204	L-아스코빌팔미테이트,L-Ascorbyl Palmitate,,,,,,True,식품첨가물공전
205	아스파탐,Aspartame,,,,,,True,식품첨가물공전
206	아조디카르본아미드,Azodicarbonamide,,,,,,True,식품첨가물공전
207	아질산나트륨,Sodium Nitrite,,,,,,True,식품첨가물공전
208	β-아포-8'-카로티날,β-Apo-8'-Carotenal,,,,,,True,식품첨가물공전
209	아황산나트륨,Sodium Sulfite,,,,,,True,식품첨가물공전
210	안나토색소,Annatto Extract,,,,,,True,식품첨가물공전
211	안식향산,Benzoic Acid,,,,,,True,식품첨가물공전
212	안식향산나트륨,Sodium Benzoate,,,,,,True,식품첨가물공전
213	안식향산칼륨,Potassium Benzoate,,,,,,True,식품첨가물공전
214	안식향산칼슘,Calcium Benzoate,,,,,,True,식품첨가물공전
215	안트라닐산메틸,Methyl Anthranilate,,,,,,True,식품첨가물공전
216	알긴산,Alginic Acid,,,,,,True,식품첨가물공전
217	알긴산나트륨,Sodium Alginate,,,,,,True,식품첨가물공전
218	알긴산암모늄,Ammonium Alginate,,,,,,True,식품첨가물공전
219	알긴산칼륨,Potassium Alginate,,,,,,True,식품첨가물공전
220	알긴산칼슘,Calcium Alginate,,,,,,True,식품첨가물공전
221	알긴산프로필렌글리콜,Propylene Glycol Alginate,,,,,,True,식품첨가물공전
222	DL-알라닌,DL-Alanine,,,,,,True,식품첨가물공전
223	알팔파추출색소,Alfalfa Extract,,,,,,True,식품첨가물공전
암모늄포스파타이드,Ammonium Phosphatides,,,,,,True,식품첨가물공전
암모니아,Ammonia,,,,,,True,식품첨가물공전
양파색소,Onion Color,,,,,,True,식품첨가물공전
에리스리톨,Erythritol,,,,,,True,식품첨가물공전
에리토브산,Erythorbic Acid,,,,,,True,식품첨가물공전
에리토브산나트륨,Sodium Erythorbate,,,,,,True,식품첨가물공전
에스테르검,Ester Gum,,,,,,True,식품첨가물공전
에틸바닐린,Ethyl Vanillin,,,,,,True,식품첨가물공전
에틸셀룰로스,Ethyl Cellulose,,,,,,True,식품첨가물공전
염기성알루미늄인산나트륨,"Sodium Aluminium Phosphate, Basic",,,,,,True,식품첨가물공전
염소,Chlorine,,,,,,True,식품첨가물공전
염화마그네슘,Magnesium Chloride,,,,,,True,식품첨가물공전
염화암모늄,Ammonium Chloride,,,,,,True,식품첨가물공전
염화칼륨,Potassium Chloride,,,,,,True,식품첨가물공전
염화칼슘,Calcium Chloride,,,,,,True,식품첨가물공전
γ-오리자놀,γ-Oryzanol,,,,,,True,식품첨가물공전
오징어먹물색소,Sepia Color,,,,,,True,식품첨가물공전
옥시스테아린,Oxystearin,,,,,,True,식품첨가물공전
옥탄산에틸,Ethyl Octanoate,,,,,,True,식품첨가물공전
옥틸알데히드,Octyl Aldehyde,,,,,,True,식품첨가물공전
올레인산,Oleic Acid,,,,,,True,식품첨가물공전
올레인산나트륨,Sodium Oleate,,,,,,True,식품첨가물공전
요오드산칼륨,Potassium Iodate,,,,,,True,식품첨가물공전
요오드칼륨,Potassium Iodide,,,,,,True,식품첨가물공전
γ-운데카락톤,γ-Undecalactone,,,,,,True,식품첨가물공전
유게놀,Eugenol,,,,,,True,식품첨가물공전
유동파라핀,Liquid Paraffin,,,,,,True,식품첨가물공전
유카추출물,Yucca Extract,,,,,,True,식품첨가물공전
유칼리프톨,Eucalyptol,,,,,,True,식품첨가물공전
5'-이노신산,5'-Inosinic acid,,,,,,True,식품첨가물공전
5'-이노신산이나트륨,Disodium 5'-Inosinate,,,,,,True,식품첨가물공전
5'-이노신산칼륨,Dipotassium 5'-Inosinate,,,,,,True,식품첨가물공전
224	암모늄포스파타이드,Ammonium Phosphatides,,,,,,True,식품첨가물공전
225	암모니아,Ammonia,,,,,,True,식품첨가물공전
226	양파색소,Onion Color,,,,,,True,식품첨가물공전
227	에리스리톨,Erythritol,,,,,,True,식품첨가물공전
228	에리토브산,Erythorbic Acid,,,,,,True,식품첨가물공전
229	에리토브산나트륨,Sodium Erythorbate,,,,,,True,식품첨가물공전
230	에스테르검,Ester Gum,,,,,,True,식품첨가물공전
231	에틸바닐린,Ethyl Vanillin,,,,,,True,식품첨가물공전
232	에틸셀룰로스,Ethyl Cellulose,,,,,,True,식품첨가물공전
233	염기성알루미늄인산나트륨,"Sodium Aluminium Phosphate, Basic",,,,,,True,식품첨가물공전
234	염소,Chlorine,,,,,,True,식품첨가물공전
235	염화마그네슘,Magnesium Chloride,,,,,,True,식품첨가물공전
236	염화암모늄,Ammonium Chloride,,,,,,True,식품첨가물공전
237	염화칼륨,Potassium Chloride,,,,,,True,식품첨가물공전
238	염화칼슘,Calcium Chloride,,,,,,True,식품첨가물공전
239	γ-오리자놀,γ-Oryzanol,,,,,,True,식품첨가물공전
240	오징어먹물색소,Sepia Color,,,,,,True,식품첨가물공전
241	옥시스테아린,Oxystearin,,,,,,True,식품첨가물공전
242	옥탄산에틸,Ethyl Octanoate,,,,,,True,식품첨가물공전
243	옥틸알데히드,Octyl Aldehyde,,,,,,True,식품첨가물공전
244	올레인산,Oleic Acid,,,,,,True,식품첨가물공전
245	올레인산나트륨,Sodium Oleate,,,,,,True,식품첨가물공전
246	요오드산칼륨,Potassium Iodate,,,,,,True,식품첨가물공전
247	요오드칼륨,Potassium Iodide,,,,,,True,식품첨가물공전
248	γ-운데카락톤,γ-Undecalactone,,,,,,True,식품첨가물공전
249	유게놀,Eugenol,,,,,,True,식품첨가물공전
250	유동파라핀,Liquid Paraffin,,,,,,True,식품첨가물공전
251	유카추출물,Yucca Extract,,,,,,True,식품첨가물공전
252	유칼리프톨,Eucalyptol,,,,,,True,식품첨가물공전
253	5'-이노신산,5'-Inosinic acid,,,,,,True,식품첨가물공전
254	5'-이노신산이나트륨,Disodium 5'-Inosinate,,,,,,True,식품첨가물공전
255	5'-이노신산칼륨,Dipotassium 5'-Inosinate,,,,,,True,식품첨가물공전
5'-이노신산칼슘,Calcium 5'-Inosinate,,,,,,True,식품첨가물공전
이.디.티.에이.이나트륨,Disodium Ethylenediaminetetraacetate,,,,,,True,식품첨가물공전
이.디.티.에이.칼슘이나트륨,Calcium Disodium Ethylenediaminetetraacetate,,,,,,True,식품첨가물공전
이산화규소,Silicon Dioxide,,,,,,True,식품첨가물공전
이산화염소(수),Chlorine Dioxide,,,,,,True,식품첨가물공전
이산화탄소,Carbon Dioxide,,,,,,True,식품첨가물공전
이산화티타늄,Titanium Dioxide,,,,,,True,식품첨가물공전
이소길초산에틸,Ethyl Isovalerate,,,,,,True,식품첨가물공전
이소길초산이소아밀,Isoamyl Isovalerate,,,,,,True,식품첨가물공전
이소말트,Isomalt,,,,,,True,식품첨가물공전
이소유게놀,Isoeugenol,,,,,,True,식품첨가물공전
이소티오시안산알릴,Allyl Isothiocyanate,,,,,,True,식품첨가물공전
이소프로필알콜,Isopropyl Alcohol,,,,,,True,식품첨가물공전
α-이오논,α-Ionone,,,,,,True,식품첨가물공전
β-이오논,β-Ionone,,,,,,True,식품첨가물공전
이초산나트륨,Sodium Diacetate,,,,,,True,식품첨가물공전
이타콘산,Itaconic Acid,,,,,,True,식품첨가물공전
인산,Phosphoric Acid,,,,,,True,식품첨가물공전
자단향색소,Sandalwood Red,,,,,,True,식품첨가물공전
자당지방산에스테르,Sucrose Esters of Fatty Acids,,,,,,True,식품첨가물공전
자몽종자추출물,Grapefruit Seed Extract,,,,,,True,식품첨가물공전
D-자일로오스,D-Xylose,,,,,,True,식품첨가물공전
자일리톨,Xylitol,,,,,,True,식품첨가물공전
자주색고구마색소,Purple Sweet Potato Color,,,,,,True,식품첨가물공전
자주색옥수수색소,Maize Morado Color; Purple Corn Color,,,,,,True,식품첨가물공전
자주색참마색소,Purple Yam Color,,,,,,True,식품첨가물공전
잔탄검,Xanthan Gum,,,,,,True,식품첨가물공전
적무색소,Red Radish Color,,,,,,True,식품첨가물공전
적양배추색소,Red Cabbage Color,,,,,,True,식품첨가물공전
젖산,Lactic Acid,,,,,,True,식품첨가물공전
젖산나트륨,Sodium Lactate,,,,,,True,식품첨가물공전
L-젖산마그네슘,Magnesium L-Lactate,,,,,,True,식품첨가물공전
256	5'-이노신산칼슘,Calcium 5'-Inosinate,,,,,,True,식품첨가물공전
257	이.디.티.에이.이나트륨,Disodium Ethylenediaminetetraacetate,,,,,,True,식품첨가물공전
258	이.디.티.에이.칼슘이나트륨,Calcium Disodium Ethylenediaminetetraacetate,,,,,,True,식품첨가물공전
259	이산화규소,Silicon Dioxide,,,,,,True,식품첨가물공전
260	이산화염소(수),Chlorine Dioxide,,,,,,True,식품첨가물공전
261	이산화탄소,Carbon Dioxide,,,,,,True,식품첨가물공전
262	이산화티타늄,Titanium Dioxide,,,,,,True,식품첨가물공전
263	이소길초산에틸,Ethyl Isovalerate,,,,,,True,식품첨가물공전
264	이소길초산이소아밀,Isoamyl Isovalerate,,,,,,True,식품첨가물공전
265	이소말트,Isomalt,,,,,,True,식품첨가물공전
266	이소유게놀,Isoeugenol,,,,,,True,식품첨가물공전
267	이소티오시안산알릴,Allyl Isothiocyanate,,,,,,True,식품첨가물공전
268	이소프로필알콜,Isopropyl Alcohol,,,,,,True,식품첨가물공전
269	α-이오논,α-Ionone,,,,,,True,식품첨가물공전
270	β-이오논,β-Ionone,,,,,,True,식품첨가물공전
271	이초산나트륨,Sodium Diacetate,,,,,,True,식품첨가물공전
272	이타콘산,Itaconic Acid,,,,,,True,식품첨가물공전
273	인산,Phosphoric Acid,,,,,,True,식품첨가물공전
274	자단향색소,Sandalwood Red,,,,,,True,식품첨가물공전
275	자당지방산에스테르,Sucrose Esters of Fatty Acids,,,,,,True,식품첨가물공전
276	자몽종자추출물,Grapefruit Seed Extract,,,,,,True,식품첨가물공전
277	D-자일로오스,D-Xylose,,,,,,True,식품첨가물공전
278	자일리톨,Xylitol,,,,,,True,식품첨가물공전
279	자주색고구마색소,Purple Sweet Potato Color,,,,,,True,식품첨가물공전
280	자주색옥수수색소,Maize Morado Color; Purple Corn Color,,,,,,True,식품첨가물공전
281	자주색참마색소,Purple Yam Color,,,,,,True,식품첨가물공전
282	잔탄검,Xanthan Gum,,,,,,True,식품첨가물공전
283	적무색소,Red Radish Color,,,,,,True,식품첨가물공전
284	적양배추색소,Red Cabbage Color,,,,,,True,식품첨가물공전
285	젖산,Lactic Acid,,,,,,True,식품첨가물공전
286	젖산나트륨,Sodium Lactate,,,,,,True,식품첨가물공전
287	L-젖산마그네슘,Magnesium L-Lactate,,,,,,True,식품첨가물공전
젖산철,Ferrous Lactate,,,,,,True,식품첨가물공전
젖산칼륨,Potassium Lactate,,,,,,True,식품첨가물공전
젖산칼슘,Calcium Lactate,,,,,,True,식품첨가물공전
제삼인산나트륨,"Sodium Phosphate, Tribasic",,,,,,True,식품첨가물공전
제삼인산마그네슘,"Magnesium Phosphate, Tribasic",,,,,,True,식품첨가물공전
제삼인산칼륨,"Potassium Phosphate, Tribasic",,,,,,True,식품첨가물공전
제삼인산칼슘,"Calcium Phosphate, Tribasic",,,,,,True,식품첨가물공전
제이인산나트륨,"Sodium Phosphate, Dibasic",,,,,,True,식품첨가물공전
제이인산마그네슘,"Magnesium Phosphate, Dibasic",,,,,,True,식품첨가물공전
제이인산암모늄,"Ammonium Phosphate, Dibasic",,,,,,True,식품첨가물공전
제이인산칼륨,"Potassium Phosphate, Dibasic",,,,,,True,식품첨가물공전
제이인산칼슘,"Calcium Phosphate, Dibasic",,,,,,True,식품첨가물공전
제일인산나트륨,"Sodium Phosphate, Monobasic",,,,,,True,식품첨가물공전
제일인산암모늄,"Ammonium Phosphate, Monobasic",,,,,,True,식품첨가물공전
제일인산칼륨,"Potassium Phosphate, Monobasic",,,,,,True,식품첨가물공전
제일인산칼슘,"Calcium Phosphate, Monobasic",,,,,,True,식품첨가물공전
젤라틴,Gelatin,,,,,,True,식품첨가물공전
젤란검,Gellan Gum,,,,,,True,식품첨가물공전
조제해수염화마그네슘,Crude Magnesium Chloride(Sea Water),,,,,,True,식품첨가물공전
DL-주석산,DL-Tartaric Acid,,,,,,True,식품첨가물공전
L-주석산,L-Tartaric Acid,,,,,,True,식품첨가물공전
DL-주석산나트륨,Disodium DL-Tartrate,,,,,,True,식품첨가물공전
L-주석산나트륨,Disodium L-Tartrate,,,,,,True,식품첨가물공전
DL-주석산수소칼륨,Potassium DL-Bitartrate,,,,,,True,식품첨가물공전
L-주석산수소칼륨,Potassium L-Bitartrate,,,,,,True,식품첨가물공전
주석산칼륨나트륨,Potassium Sodium L-Tartrate,,,,,,True,식품첨가물공전
진주빛색소,Potassium Aluminium Silicate-Based Pearlescent Pigments,,,,,,True,식품첨가물공전
질산나트륨,Sodium Nitrate,,,,,,True,식품첨가물공전
질산칼륨,Potassium Nitrate,,,,,,True,식품첨가물공전
질소,Nitrogen,,,,,,True,식품첨가물공전
차아황산나트륨,Sodium Hydrosulfite,,,,,,True,식품첨가물공전
차즈기색소,Perilla Color,,,,,,True,식품첨가물공전
288	젖산철,Ferrous Lactate,,,,,,True,식품첨가물공전
289	젖산칼륨,Potassium Lactate,,,,,,True,식품첨가물공전
290	젖산칼슘,Calcium Lactate,,,,,,True,식품첨가물공전
291	제삼인산나트륨,"Sodium Phosphate, Tribasic",,,,,,True,식품첨가물공전
292	제삼인산마그네슘,"Magnesium Phosphate, Tribasic",,,,,,True,식품첨가물공전
293	제삼인산칼륨,"Potassium Phosphate, Tribasic",,,,,,True,식품첨가물공전
294	제삼인산칼슘,"Calcium Phosphate, Tribasic",,,,,,True,식품첨가물공전
295	제이인산나트륨,"Sodium Phosphate, Dibasic",,,,,,True,식품첨가물공전
296	제이인산마그네슘,"Magnesium Phosphate, Dibasic",,,,,,True,식품첨가물공전
297	제이인산암모늄,"Ammonium Phosphate, Dibasic",,,,,,True,식품첨가물공전
298	제이인산칼륨,"Potassium Phosphate, Dibasic",,,,,,True,식품첨가물공전
299	제이인산칼슘,"Calcium Phosphate, Dibasic",,,,,,True,식품첨가물공전
300	제일인산나트륨,"Sodium Phosphate, Monobasic",,,,,,True,식품첨가물공전
301	제일인산암모늄,"Ammonium Phosphate, Monobasic",,,,,,True,식품첨가물공전
302	제일인산칼륨,"Potassium Phosphate, Monobasic",,,,,,True,식품첨가물공전
303	제일인산칼슘,"Calcium Phosphate, Monobasic",,,,,,True,식품첨가물공전
304	젤라틴,Gelatin,,,,,,True,식품첨가물공전
305	젤란검,Gellan Gum,,,,,,True,식품첨가물공전
306	조제해수염화마그네슘,Crude Magnesium Chloride(Sea Water),,,,,,True,식품첨가물공전
307	DL-주석산,DL-Tartaric Acid,,,,,,True,식품첨가물공전
308	L-주석산,L-Tartaric Acid,,,,,,True,식품첨가물공전
309	DL-주석산나트륨,Disodium DL-Tartrate,,,,,,True,식품첨가물공전
310	L-주석산나트륨,Disodium L-Tartrate,,,,,,True,식품첨가물공전
311	DL-주석산수소칼륨,Potassium DL-Bitartrate,,,,,,True,식품첨가물공전
312	L-주석산수소칼륨,Potassium L-Bitartrate,,,,,,True,식품첨가물공전
313	주석산칼륨나트륨,Potassium Sodium L-Tartrate,,,,,,True,식품첨가물공전
314	진주빛색소,Potassium Aluminium Silicate-Based Pearlescent Pigments,,,,,,True,식품첨가물공전
315	질산나트륨,Sodium Nitrate,,,,,,True,식품첨가물공전
316	질산칼륨,Potassium Nitrate,,,,,,True,식품첨가물공전
317	질소,Nitrogen,,,,,,True,식품첨가물공전
318	차아황산나트륨,Sodium Hydrosulfite,,,,,,True,식품첨가물공전
319	차즈기색소,Perilla Color,,,,,,True,식품첨가물공전
차추출물,Tea Extract,,,,,,True,식품첨가물공전
차카테킨,Tea Catechin,,,,,,True,식품첨가물공전
참깨유불검화물,Sesame Seed Oil Unsaponified Matter,,,,,,True,식품첨가물공전
철클로로필린나트륨,Sodium Iron Chlorophyllin,,,,,,True,식품첨가물공전
초산,Acetic Acid,,,,,,True,식품첨가물공전
초산게라닐,Geranyl Acetate,,,,,,True,식품첨가물공전
초산나트륨,Sodium Acetate,,,,,,True,식품첨가물공전
초산리나릴,Linalyl Acetate,,,,,,True,식품첨가물공전
초산벤질,Benzyl Acetate,,,,,,True,식품첨가물공전
초산부틸,Butyl Acetate,,,,,,True,식품첨가물공전
초산비닐수지,Polyvinyl Acetate,,,,,,True,식품첨가물공전
초산시트로넬릴,Citronellyl Acetate,,,,,,True,식품첨가물공전
초산신나밀,Cinnamyl Acetate,,,,,,True,식품첨가물공전
초산에틸,Ethyl Acetate,,,,,,True,식품첨가물공전
초산이소아밀,Isoamyl Acetate,,,,,,True,식품첨가물공전
초산칼륨,Potassium acetate,,,,,,True,식품첨가물공전
초산칼슘,Calcium Acetate,,,,,,True,식품첨가물공전
초산페닐에틸,Phenylethyl Acetate,,,,,,True,식품첨가물공전
치자적색소,Gardenia Red,,,,,,True,식품첨가물공전
치자청색소,Gardenia Blue,,,,,,True,식품첨가물공전
치자황색소,Gardenia Yellow,,,,,,True,식품첨가물공전
카나우바왁스,Carnauba Wax,,,,,,True,식품첨가물공전
카라기난,Carrageenan,,,,,,True,식품첨가물공전
카라멜색소I,Caramel I,,,,,,True,식품첨가물공전
카라멜색소II,Caramel II,,,,,,True,식품첨가물공전
카라멜색소III,Caramel III,,,,,,True,식품첨가물공전
카라멜색소IV,Caramel IV,,,,,,True,식품첨가물공전
카라야검,Karaya Gum,,,,,,True,식품첨가물공전
카로틴,Carotene,,,,,,True,식품첨가물공전
β-카로틴,β-Carotene,,,,,,True,식품첨가물공전
카민,Carmine,,,,,,True,식품첨가물공전
카복시메틸셀룰로스나트륨,Sodium Carboxymethyl Cellulose,,,,,,True,식품첨가물공전
320	차추출물,Tea Extract,,,,,,True,식품첨가물공전
321	차카테킨,Tea Catechin,,,,,,True,식품첨가물공전
322	참깨유불검화물,Sesame Seed Oil Unsaponified Matter,,,,,,True,식품첨가물공전
323	철클로로필린나트륨,Sodium Iron Chlorophyllin,,,,,,True,식품첨가물공전
324	초산,Acetic Acid,,,,,,True,식품첨가물공전
325	초산게라닐,Geranyl Acetate,,,,,,True,식품첨가물공전
326	초산나트륨,Sodium Acetate,,,,,,True,식품첨가물공전
327	초산리나릴,Linalyl Acetate,,,,,,True,식품첨가물공전
328	초산벤질,Benzyl Acetate,,,,,,True,식품첨가물공전
329	초산부틸,Butyl Acetate,,,,,,True,식품첨가물공전
330	초산비닐수지,Polyvinyl Acetate,,,,,,True,식품첨가물공전
331	초산시트로넬릴,Citronellyl Acetate,,,,,,True,식품첨가물공전
332	초산신나밀,Cinnamyl Acetate,,,,,,True,식품첨가물공전
333	초산에틸,Ethyl Acetate,,,,,,True,식품첨가물공전
334	초산이소아밀,Isoamyl Acetate,,,,,,True,식품첨가물공전
335	초산칼륨,Potassium acetate,,,,,,True,식품첨가물공전
336	초산칼슘,Calcium Acetate,,,,,,True,식품첨가물공전
337	초산페닐에틸,Phenylethyl Acetate,,,,,,True,식품첨가물공전
338	치자적색소,Gardenia Red,,,,,,True,식품첨가물공전
339	치자청색소,Gardenia Blue,,,,,,True,식품첨가물공전
340	치자황색소,Gardenia Yellow,,,,,,True,식품첨가물공전
341	카나우바왁스,Carnauba Wax,,,,,,True,식품첨가물공전
342	카라기난,Carrageenan,,,,,,True,식품첨가물공전
343	카라멜색소I,Caramel I,,,,,,True,식품첨가물공전
344	카라멜색소II,Caramel II,,,,,,True,식품첨가물공전
345	카라멜색소III,Caramel III,,,,,,True,식품첨가물공전
346	카라멜색소IV,Caramel IV,,,,,,True,식품첨가물공전
347	카라야검,Karaya Gum,,,,,,True,식품첨가물공전
348	카로틴,Carotene,,,,,,True,식품첨가물공전
349	β-카로틴,β-Carotene,,,,,,True,식품첨가물공전
350	카민,Carmine,,,,,,True,식품첨가물공전
351	카복시메틸셀룰로스나트륨,Sodium Carboxymethyl Cellulose,,,,,,True,식품첨가물공전
카복시메틸셀룰로스칼슘,Calcium Carboxymethyl Cellulose,,,,,,True,식품첨가물공전
카복시메틸스타치나트륨,Sodium Carboxymethyl Starch,,,,,,True,식품첨가물공전
카제인,Casein,,,,,,True,식품첨가물공전
카제인나트륨,Sodium Caseinate,,,,,,True,식품첨가물공전
카제인칼륨,Potassium Caseinate,,,,,,True,식품첨가물공전
카제인칼슘,Calcium Caseinate,,,,,,True,식품첨가물공전
카카오색소,Cacao Color,,,,,,True,식품첨가물공전
카페인,Caffeine,,,,,,True,식품첨가물공전
카프론산알릴,Allyl Caproate,,,,,,True,식품첨가물공전
칸델릴라왁스,Candelilla Wax,,,,,,True,식품첨가물공전
커드란,Curdlan,,,,,,True,식품첨가물공전
케르세틴,Quercetin,,,,,,True,식품첨가물공전
코치닐추출색소,Cochineal Extract,,,,,,True,식품첨가물공전
퀼라야추출물,Quillaia Extract,,,,,,True,식품첨가물공전
클로로필,Chlorophyll,,,,,,True,식품첨가물공전
키토산,Chitosan,,,,,,True,식품첨가물공전
키틴,Chitin,,,,,,True,식품첨가물공전
타라검,Tara Gum,,,,,,True,식품첨가물공전
타마린드검,Tamarind Gum,,,,,,True,식품첨가물공전
타마린드색소,Tamarind Color,,,,,,True,식품첨가물공전
탄닌산,Tannic Acid,,,,,,True,식품첨가물공전
탄산나트륨,Sodium Carbonate,,,,,,True,식품첨가물공전
탄산마그네슘,Magnesium Carbonate,,,,,,True,식품첨가물공전
탄산수소나트륨,Sodium Bicarbonate,,,,,,True,식품첨가물공전
탄산수소암모늄,Ammonium Bicarbonate,,,,,,True,식품첨가물공전
탄산수소칼륨,,,,,,,True,식품첨가물공전
(Potassium Bicarbonate,Ammonium Carbonate,,,,,,True,식품첨가물공전
탄산암모늄,Ammonium Carbonate,,,,,,True,식품첨가물공전
탄산칼륨(무수),"Potassium Carbonate, Anhydrous",,,,,,True,식품첨가물공전
탄산칼슘,Calcium Carbonate,,,,,,True,식품첨가물공전
탤크,Talc,,,,,,True,식품첨가물공전
터셔리부틸히드로퀴논,tert-Butylhydroquinone,,,,,,True,식품첨가물공전
토마토색소,Tomato Color,,,,,,True,식품첨가물공전
352	카복시메틸셀룰로스칼슘,Calcium Carboxymethyl Cellulose,,,,,,True,식품첨가물공전
353	카복시메틸스타치나트륨,Sodium Carboxymethyl Starch,,,,,,True,식품첨가물공전
354	카제인,Casein,,,,,,True,식품첨가물공전
355	카제인나트륨,Sodium Caseinate,,,,,,True,식품첨가물공전
356	카제인칼륨,Potassium Caseinate,,,,,,True,식품첨가물공전
357	카제인칼슘,Calcium Caseinate,,,,,,True,식품첨가물공전
358	카카오색소,Cacao Color,,,,,,True,식품첨가물공전
359	카페인,Caffeine,,,,,,True,식품첨가물공전
360	카프론산알릴,Allyl Caproate,,,,,,True,식품첨가물공전
361	칸델릴라왁스,Candelilla Wax,,,,,,True,식품첨가물공전
362	커드란,Curdlan,,,,,,True,식품첨가물공전
363	케르세틴,Quercetin,,,,,,True,식품첨가물공전
364	코치닐추출색소,Cochineal Extract,,,,,,True,식품첨가물공전
365	퀼라야추출물,Quillaia Extract,,,,,,True,식품첨가물공전
366	클로로필,Chlorophyll,,,,,,True,식품첨가물공전
367	키토산,Chitosan,,,,,,True,식품첨가물공전
368	키틴,Chitin,,,,,,True,식품첨가물공전
369	타라검,Tara Gum,,,,,,True,식품첨가물공전
370	타마린드검,Tamarind Gum,,,,,,True,식품첨가물공전
371	타마린드색소,Tamarind Color,,,,,,True,식품첨가물공전
372	탄닌산,Tannic Acid,,,,,,True,식품첨가물공전
373	탄산나트륨,Sodium Carbonate,,,,,,True,식품첨가물공전
374	탄산마그네슘,Magnesium Carbonate,,,,,,True,식품첨가물공전
375	탄산수소나트륨,Sodium Bicarbonate,,,,,,True,식품첨가물공전
376	탄산수소암모늄,Ammonium Bicarbonate,,,,,,True,식품첨가물공전
377	탄산수소칼륨,Ammonium Carbonate,,,,,,True,식품첨가물공전
378	탄산암모늄,Ammonium Carbonate,,,,,,True,식품첨가물공전
379	탄산칼륨(무수),"Potassium Carbonate, Anhydrous",,,,,,True,식품첨가물공전
380	탄산칼슘,Calcium Carbonate,,,,,,True,식품첨가물공전
381	탤크,Talc,,,,,,True,식품첨가물공전
382	터셔리부틸히드로퀴논,tert-Butylhydroquinone,,,,,,True,식품첨가물공전
383	토마토색소,Tomato Color,,,,,,True,식품첨가물공전
토마틴,Thaumatin,,,,,,True,식품첨가물공전
d-α-토코페롤,d-α-Tocopherol Concentrate,,,,,,True,식품첨가물공전
d-토코페롤(혼합형),"d-Tocopherol Concentrate, Mixed",,,,,,True,식품첨가물공전
d-α-토코페릴아세테이트,d-α-Tocopheryl Acetate,,,,,,True,식품첨가물공전
dl-α-토코페릴아세테이트,dl-α-Tocopheryl Acetate,,,,,,True,식품첨가물공전
d-α-토코페릴호박산,ｄ-α-Tocopheryl Acid Succinate,,,,,,True,식품첨가물공전
트라가칸스검,Tragacanth Gum,,,,,,True,식품첨가물공전
트리아세틴,Triacetin,,,,,,True,식품첨가물공전
파라메틸아세토페논,p-Methyl Acetophenone,,,,,,True,식품첨가물공전
파라옥시안식향산메틸,Methyl p-Hydroxybenzoate,,,,,,True,식품첨가물공전
파라옥시안식향산에틸,Ethyl p-Hydroxybenzoate,,,,,,True,식품첨가물공전
파프리카추출색소,Oleoresin Paprika,,,,,,True,식품첨가물공전
파피아색소,Phaffia Color,,,,,,True,식품첨가물공전
팔미트산,Palmitic Acid,,,,,,True,식품첨가물공전
퍼셀레란,Furcelleran,,,,,,True,식품첨가물공전
페닐초산에틸,Ethyl Phenylacetate,,,,,,True,식품첨가물공전
페닐초산이소부틸,Isobutyl Phenylacetate,,,,,,True,식품첨가물공전
페로시안화나트륨,,,,,,,True,식품첨가물공전
(Sodium Ferrocyanide,Potassium Ferrocyanide,,,,,,True,식품첨가물공전
페로시안화칼륨,Potassium Ferrocyanide,,,,,,True,식품첨가물공전
페로시안화칼슘,Calcium Ferrocyanide,,,,,,True,식품첨가물공전
페룰린산,Ferulic Acid,,,,,,True,식품첨가물공전
펙틴,Pectin,,,,,,True,식품첨가물공전
포도과즙색소,,,,,,,True,식품첨가물공전
(Grape Juice Color,Grape Skin Extract,,,,,,True,식품첨가물공전
포도과피색소,Grape Skin Extract,,,,,,True,식품첨가물공전
포도종자추출물,Grape Seed Extract,,,,,,True,식품첨가물공전
폴리감마글루탐산,Poly-γ-glutamic acid,,,,,,True,식품첨가물공전
폴리글리세린지방산에스테르,Polyglycerol Esters of Fatty Acids,,,,,,True,식품첨가물공전
폴리글리세린축합리시놀레인산에스테르,Polyglycerol Esters of Interesterified Ricinoleic Acid,,,,,,True,식품첨가물공전
폴리글리시톨시럽,Polyglycitol Syrup,,,,,,True,식품첨가물공전
412 폴리글리시톨액('26.1.1. 시행),Polyglycitol Syrup,,,,,,True,식품첨가물공전
폴리덱스트로스,Polydextrose,,,,,,True,식품첨가물공전
ε-폴리리신,ε-Polylysine,,,,,,True,식품첨가물공전
폴리부텐,Polybutene,,,,,,True,식품첨가물공전
384	토마틴,Thaumatin,,,,,,True,식품첨가물공전
385	d-α-토코페롤,d-α-Tocopherol Concentrate,,,,,,True,식품첨가물공전
386	d-토코페롤(혼합형),"d-Tocopherol Concentrate, Mixed",,,,,,True,식품첨가물공전
387	d-α-토코페릴아세테이트,d-α-Tocopheryl Acetate,,,,,,True,식품첨가물공전
388	dl-α-토코페릴아세테이트,dl-α-Tocopheryl Acetate,,,,,,True,식품첨가물공전
389	d-α-토코페릴호박산,ｄ-α-Tocopheryl Acid Succinate,,,,,,True,식품첨가물공전
390	트라가칸스검,Tragacanth Gum,,,,,,True,식품첨가물공전
391	트리아세틴,Triacetin,,,,,,True,식품첨가물공전
392	파라메틸아세토페논,p-Methyl Acetophenone,,,,,,True,식품첨가물공전
393	파라옥시안식향산메틸,Methyl p-Hydroxybenzoate,,,,,,True,식품첨가물공전
394	파라옥시안식향산에틸,Ethyl p-Hydroxybenzoate,,,,,,True,식품첨가물공전
395	파프리카추출색소,Oleoresin Paprika,,,,,,True,식품첨가물공전
396	파피아색소,Phaffia Color,,,,,,True,식품첨가물공전
397	팔미트산,Palmitic Acid,,,,,,True,식품첨가물공전
398	퍼셀레란,Furcelleran,,,,,,True,식품첨가물공전
399	페닐초산에틸,Ethyl Phenylacetate,,,,,,True,식품첨가물공전
400	페닐초산이소부틸,Isobutyl Phenylacetate,,,,,,True,식품첨가물공전
401	페로시안화나트륨,Potassium Ferrocyanide,,,,,,True,식품첨가물공전
402	페로시안화칼륨,Potassium Ferrocyanide,,,,,,True,식품첨가물공전
403	페로시안화칼슘,Calcium Ferrocyanide,,,,,,True,식품첨가물공전
404	페룰린산,Ferulic Acid,,,,,,True,식품첨가물공전
405	펙틴,Pectin,,,,,,True,식품첨가물공전
406	포도과즙색소,Grape Skin Extract,,,,,,True,식품첨가물공전
407	포도과피색소,Grape Skin Extract,,,,,,True,식품첨가물공전
408	포도종자추출물,Grape Seed Extract,,,,,,True,식품첨가물공전
409	폴리감마글루탐산,Poly-γ-glutamic acid,,,,,,True,식품첨가물공전
410	폴리글리세린지방산에스테르,Polyglycerol Esters of Fatty Acids,,,,,,True,식품첨가물공전
411	폴리글리세린축합리시놀레인산에스테르,Polyglycerol Esters of Interesterified Ricinoleic Acid,,,,,,True,식품첨가물공전
412	폴리글리시톨시럽,Polyglycitol Syrup,,,,,,True,식품첨가물공전
413	폴리덱스트로스,Polydextrose,,,,,,True,식품첨가물공전
414	ε-폴리리신,ε-Polylysine,,,,,,True,식품첨가물공전
415	폴리부텐,Polybutene,,,,,,True,식품첨가물공전
폴리비닐알콜,Polyvinyl Alcohol,,,,,,True,식품첨가물공전
폴리비닐피로리돈,Polyvinyl Polypyrrolidone,,,,,,True,식품첨가물공전
폴리소르베이트20,Polysorbate 20,,,,,,True,식품첨가물공전
폴리소르베이트60,Polysorbate 60,,,,,,True,식품첨가물공전
폴리소르베이트65,Polysorbate 65,,,,,,True,식품첨가물공전
폴리소르베이트80,Polysorbate 80,,,,,,True,식품첨가물공전
폴리아크릴산나트륨,Sodium Polyacrylate,,,,,,True,식품첨가물공전
폴리에틸렌글리콜,Polyethylene Glycol,,,,,,True,식품첨가물공전
폴리이소부틸렌,Polyisobutylene,,,,,,True,식품첨가물공전
폴리인산나트륨,Sodium Polyphosphate,,,,,,True,식품첨가물공전
폴리인산칼륨,Potassium Polyphosphate,,,,,,True,식품첨가물공전
푸마르산,Fumaric Acid,,,,,,True,식품첨가물공전
푸마르산일나트륨,Monosodium Fumarate,,,,,,True,식품첨가물공전
풀루란,Pullulan,,,,,,True,식품첨가물공전
프로피온산,Propionic Acid,,,,,,True,식품첨가물공전
프로피온산나트륨,Sodium Propionate,,,,,,True,식품첨가물공전
프로피온산벤질,Benzyl Propionate,,,,,,True,식품첨가물공전
프로피온산에틸,Ethyl Propionate,,,,,,True,식품첨가물공전
프로피온산이소아밀,Isoamyl Propionate,,,,,,True,식품첨가물공전
프로피온산칼슘,Calcium Propionate,,,,,,True,식품첨가물공전
프로필렌글리콜,Propylene Glycol,,,,,,True,식품첨가물공전
프로필렌글리콜지방산에스테르,Propylene Glycol Esters of Fatty Acids,,,,,,True,식품첨가물공전
프탈산히드록시프로필메틸셀룰로스,Hydroxypropylmethyl Cellulose Phthalate,,,,,,True,식품첨가물공전
피로인산나트륨,Sodium Pyrophosphate,,,,,,True,식품첨가물공전
피로인산칼륨,Potassium Pyrophosphate,,,,,,True,식품첨가물공전
피마자유,Castor oil,,,,,,True,식품첨가물공전
피칸너트색소,Pecan Nut Color,,,,,,True,식품첨가물공전
피틴산,Phytic Acid,,,,,,True,식품첨가물공전
피페로날,Piperonal,,,,,,True,식품첨가물공전
향료,Flavoring Substances,,,,,,True,식품첨가물공전
향신료올레오레진류,Spice Oleoresins,,,,,,True,식품첨가물공전
헥사논산에틸,Ethyl Hexanoate,,,,,,True,식품첨가물공전
416	폴리비닐알콜,Polyvinyl Alcohol,,,,,,True,식품첨가물공전
417	폴리비닐피로리돈,Polyvinyl Polypyrrolidone,,,,,,True,식품첨가물공전
418	폴리소르베이트20,Polysorbate 20,,,,,,True,식품첨가물공전
419	폴리소르베이트60,Polysorbate 60,,,,,,True,식품첨가물공전
420	폴리소르베이트65,Polysorbate 65,,,,,,True,식품첨가물공전
421	폴리소르베이트80,Polysorbate 80,,,,,,True,식품첨가물공전
422	폴리아크릴산나트륨,Sodium Polyacrylate,,,,,,True,식품첨가물공전
423	폴리에틸렌글리콜,Polyethylene Glycol,,,,,,True,식품첨가물공전
424	폴리이소부틸렌,Polyisobutylene,,,,,,True,식품첨가물공전
425	폴리인산나트륨,Sodium Polyphosphate,,,,,,True,식품첨가물공전
426	폴리인산칼륨,Potassium Polyphosphate,,,,,,True,식품첨가물공전
427	푸마르산,Fumaric Acid,,,,,,True,식품첨가물공전
428	푸마르산일나트륨,Monosodium Fumarate,,,,,,True,식품첨가물공전
429	풀루란,Pullulan,,,,,,True,식품첨가물공전
430	프로피온산,Propionic Acid,,,,,,True,식품첨가물공전
431	프로피온산나트륨,Sodium Propionate,,,,,,True,식품첨가물공전
432	프로피온산벤질,Benzyl Propionate,,,,,,True,식품첨가물공전
433	프로피온산에틸,Ethyl Propionate,,,,,,True,식품첨가물공전
434	프로피온산이소아밀,Isoamyl Propionate,,,,,,True,식품첨가물공전
435	프로피온산칼슘,Calcium Propionate,,,,,,True,식품첨가물공전
436	프로필렌글리콜,Propylene Glycol,,,,,,True,식품첨가물공전
437	프로필렌글리콜지방산에스테르,Propylene Glycol Esters of Fatty Acids,,,,,,True,식품첨가물공전
438	프탈산히드록시프로필메틸셀룰로스,Hydroxypropylmethyl Cellulose Phthalate,,,,,,True,식품첨가물공전
439	피로인산나트륨,Sodium Pyrophosphate,,,,,,True,식품첨가물공전
440	피로인산칼륨,Potassium Pyrophosphate,,,,,,True,식품첨가물공전
441	피마자유,Castor oil,,,,,,True,식품첨가물공전
442	피칸너트색소,Pecan Nut Color,,,,,,True,식품첨가물공전
443	피틴산,Phytic Acid,,,,,,True,식품첨가물공전
444	피페로날,Piperonal,,,,,,True,식품첨가물공전
445	향료,Flavoring Substances,,,,,,True,식품첨가물공전
446	향신료올레오레진류,Spice Oleoresins,,,,,,True,식품첨가물공전
447	헥사논산에틸,Ethyl Hexanoate,,,,,,True,식품첨가물공전
헵타논산에틸,Ethyl Heptanoate,,,,,,True,식품첨가물공전
호박산,Succinic Acid,,,,,,True,식품첨가물공전
호박산이나트륨,Disodium Succinate,,,,,,True,식품첨가물공전
홍국색소,Monascus Color,,,,,,True,식품첨가물공전
홍국황색소,Monascus Yellow,,,,,,True,식품첨가물공전
홍화적색소,Carthamus Red,,,,,,True,식품첨가물공전
홍화황색소,Carthamus Yellow,,,,,,True,식품첨가물공전
황산나트륨,Sodium Sulfate,,,,,,True,식품첨가물공전
황산마그네슘,Magnesium Sulfate,,,,,,True,식품첨가물공전
황산알루미늄암모늄,Aluminium Ammonium Sulfate,,,,,,True,식품첨가물공전
황산알루미늄칼륨,Aluminium Potassium Sulfate,,,,,,True,식품첨가물공전
황산암모늄,Ammonium Sulfate,,,,,,True,식품첨가물공전
황산칼륨,Potassium Sulfate,,,,,,True,식품첨가물공전
황산칼슘,Calcium Sulfate,,,,,,True,식품첨가물공전
효모,Yeast,,,,,,True,식품첨가물공전
효모추출물,Yeast Extract,,,,,,True,식품첨가물공전
효소분해레시틴,Enzymatically Decomposed Lecithin,,,,,,True,식품첨가물공전
효소분해사과추출물,Enzymatically Decomposed Apple Extract,,,,,,True,식품첨가물공전
효소처리루틴,Enzymatically Modified Rutin,,,,,,True,식품첨가물공전
효소처리스테비아,Enzymatically Modified Stevia,,,,,,True,식품첨가물공전
흑당근추출색소,Black Carrot Extract,,,,,,True,식품첨가물공전
히드록시시트로넬랄,Hydroxycitronellal,,,,,,True,식품첨가물공전
히드록시시트로넬랄디메틸아세탈,Hydroxycitronellal Dimethylacetal,,,,,,True,식품첨가물공전
히드록시프로필메틸셀룰로스,Hydroxypropylmethyl Cellulose,,,,,,True,식품첨가물공전
히드록시프로필셀룰로스,Hydroxypropyl Cellulose,,,,,,True,식품첨가물공전
히알루론산,Hyaluronic Acid,,,,,,True,식품첨가물공전
448	헵타논산에틸,Ethyl Heptanoate,,,,,,True,식품첨가물공전
449	호박산,Succinic Acid,,,,,,True,식품첨가물공전
450	호박산이나트륨,Disodium Succinate,,,,,,True,식품첨가물공전
451	홍국색소,Monascus Color,,,,,,True,식품첨가물공전
452	홍국황색소,Monascus Yellow,,,,,,True,식품첨가물공전
453	홍화적색소,Carthamus Red,,,,,,True,식품첨가물공전
454	홍화황색소,Carthamus Yellow,,,,,,True,식품첨가물공전
455	황산나트륨,Sodium Sulfate,,,,,,True,식품첨가물공전
456	황산마그네슘,Magnesium Sulfate,,,,,,True,식품첨가물공전
457	황산알루미늄암모늄,Aluminium Ammonium Sulfate,,,,,,True,식품첨가물공전
458	황산알루미늄칼륨,Aluminium Potassium Sulfate,,,,,,True,식품첨가물공전
459	황산암모늄,Ammonium Sulfate,,,,,,True,식품첨가물공전
460	황산칼륨,Potassium Sulfate,,,,,,True,식품첨가물공전
461	황산칼슘,Calcium Sulfate,,,,,,True,식품첨가물공전
462	효모,Yeast,,,,,,True,식품첨가물공전
463	효모추출물,Yeast Extract,,,,,,True,식품첨가물공전
464	효소분해레시틴,Enzymatically Decomposed Lecithin,,,,,,True,식품첨가물공전
465	효소분해사과추출물,Enzymatically Decomposed Apple Extract,,,,,,True,식품첨가물공전
466	효소처리루틴,Enzymatically Modified Rutin,,,,,,True,식품첨가물공전
467	효소처리스테비아,Enzymatically Modified Stevia,,,,,,True,식품첨가물공전
468	흑당근추출색소,Black Carrot Extract,,,,,,True,식품첨가물공전
469	히드록시시트로넬랄,Hydroxycitronellal,,,,,,True,식품첨가물공전
470	히드록시시트로넬랄디메틸아세탈,Hydroxycitronellal Dimethylacetal,,,,,,True,식품첨가물공전
471	히드록시프로필메틸셀룰로스,Hydroxypropylmethyl Cellulose,,,,,,True,식품첨가물공전
472	히드록시프로필셀룰로스,Hydroxypropyl Cellulose,,,,,,True,식품첨가물공전
473	히알루론산,Hyaluronic Acid,,,,,,True,식품첨가물공전
α-갈락토시다아제,α-Galactosidase,,,,,,True,식품첨가물공전
과산화수소,Hydrogen Peroxide,,,,,,True,식품첨가물공전
과산화초산,Peroxyacetic Acid,,,,,,True,식품첨가물공전
규산마그네슘,Magnesium Silicate,,,,,,True,식품첨가물공전
규산칼슘,Calcium Silicate,,,,,,True,식품첨가물공전
규조토,Diatomaceous Earth,,,,,,True,식품첨가물공전
β-글루카나아제,β-Glucanase,,,,,,True,식품첨가물공전
α-글루코시다아제,α-Glucosidase,,,,,,True,식품첨가물공전
글루코아밀라아제,Glucoamylase,,,,,,True,식품첨가물공전
글루코오스산화효소,Glucose Oxidase,,,,,,True,식품첨가물공전
글루코오스이성화효소,Glucose Isomerase,,,,,,True,식품첨가물공전
글루타미나아제,Glutaminase,,,,,,True,식품첨가물공전
니켈,Nickel,,,,,,True,식품첨가물공전
덱스트라나아제,Dextranase,,,,,,True,식품첨가물공전
5'-디아미나아제,5'-Deaminase,,,,,,True,식품첨가물공전
라우린산,Lauric Acid,,,,,,True,식품첨가물공전
락타아제,Lactase,,,,,,True,식품첨가물공전
리소짐,Lysozyme,,,,,,True,식품첨가물공전
리파아제,Lipase,,,,,,True,식품첨가물공전
말토게닉아밀라아제,Maltogenic Amylase,,,,,,True,식품첨가물공전
말토트리오히드로라아제,Maltotriohydrolase,,,,,,True,식품첨가물공전
메타규산나트륨,Sodium Metasilicate,,,,,,True,식품첨가물공전
메톡사이드나트륨,Sodium Methoxide,,,,,,True,식품첨가물공전
메틸알콜,Methyl Alcohol,,,,,,True,식품첨가물공전
미리스트산,Myristic Acid,,,,,,True,식품첨가물공전
No.	품목명,α-Galactosidase,,,,,,True,식품첨가물공전
1	α-갈락토시다아제,α-Galactosidase,,,,,,True,식품첨가물공전
2	과산화수소,Hydrogen Peroxide,,,,,,True,식품첨가물공전
3	과산화초산,Peroxyacetic Acid,,,,,,True,식품첨가물공전
4	국,Magnesium Silicate,,,,,,True,식품첨가물공전
5	규산마그네슘,Magnesium Silicate,,,,,,True,식품첨가물공전
6	규산칼슘,Calcium Silicate,,,,,,True,식품첨가물공전
7	규조토,Diatomaceous Earth,,,,,,True,식품첨가물공전
8	β-글루카나아제,β-Glucanase,,,,,,True,식품첨가물공전
9	α-글루코시다아제,α-Glucosidase,,,,,,True,식품첨가물공전
10	글루코아밀라아제,Glucoamylase,,,,,,True,식품첨가물공전
11	글루코오스산화효소,Glucose Oxidase,,,,,,True,식품첨가물공전
12	글루코오스이성화효소,Glucose Isomerase,,,,,,True,식품첨가물공전
13	글루타미나아제,Glutaminase,,,,,,True,식품첨가물공전
14	니켈,Nickel,,,,,,True,식품첨가물공전
15	덱스트라나아제,Dextranase,,,,,,True,식품첨가물공전
16	5'-디아미나아제,5'-Deaminase,,,,,,True,식품첨가물공전
17	라우린산,Lauric Acid,,,,,,True,식품첨가물공전
18	락타아제,Lactase,,,,,,True,식품첨가물공전
19	리소짐,Lysozyme,,,,,,True,식품첨가물공전
20	리파아제,Lipase,,,,,,True,식품첨가물공전
21	말토게닉아밀라아제,Maltogenic Amylase,,,,,,True,식품첨가물공전
22	말토트리오히드로라아제,Maltotriohydrolase,,,,,,True,식품첨가물공전
23	메타규산나트륨,Sodium Metasilicate,,,,,,True,식품첨가물공전
24	메톡사이드나트륨,Sodium Methoxide,,,,,,True,식품첨가물공전
25	메틸알콜,Methyl Alcohol,,,,,,True,식품첨가물공전
26	미리스트산,Myristic Acid,,,,,,True,식품첨가물공전
백도토,Kaolin,,,,,,True,식품첨가물공전
β-글루코시다아제,β-Glucosidase,,,,,,True,식품첨가물공전
벤토나이트,Bentonite,,,,,,True,식품첨가물공전
부탄,Butane,,,,,,True,식품첨가물공전
분지글리코실트랜스퍼라아제,Branching Glycosyltransferase,,,,,,True,식품첨가물공전
산성백토,Acid Clay,,,,,,True,식품첨가물공전
산소,Oxygen,,,,,,True,식품첨가물공전
셀룰라아제,Cellulase,,,,,,True,식품첨가물공전
수산,Oxalic Acid,,,,,,True,식품첨가물공전
수산화나트륨,Sodium Hydroxide,,,,,,True,식품첨가물공전
수산화나트륨액,Sodium Hydroxide Solution,,,,,,True,식품첨가물공전
수소,Hydrogen,,,,,,True,식품첨가물공전
스테아린산,Stearic Acid; Octadecanoic Acid,,,,,,True,식품첨가물공전
α-아밀라아제,α-Amylase,,,,,,True,식품첨가물공전
β-아밀라아제,β-Amylase,,,,,,True,식품첨가물공전
α-아세토락테이트디카복실라아제,α-Acetolactate decarboxylase,,,,,,True,식품첨가물공전
아세톤,Acetone,,,,,,True,식품첨가물공전
아스파라지나아제,Asparaginase,,,,,,True,식품첨가물공전
암모니아,Ammonia,,,,,,True,식품첨가물공전
엑소말토테트라히드로라아제,Exo-maltotetrahydrolase,,,,,,True,식품첨가물공전
염산,Hydrochloric Acid,,,,,,True,식품첨가물공전
오존수,Ozone Water,,,,,,True,식품첨가물공전
올레인산,Oleic Acid,,,,,,True,식품첨가물공전
우레아제,Urease,,,,,,True,식품첨가물공전
우유응고효소,Milk Clotting Enzyme,,,,,,True,식품첨가물공전
유동파라핀,Liquid Paraffin,,,,,,True,식품첨가물공전
27	백도토,Kaolin,,,,,,True,식품첨가물공전
28	β-글루코시다아제,β-Glucosidase,,,,,,True,식품첨가물공전
29	벤토나이트,Bentonite,,,,,,True,식품첨가물공전
30	부탄,Butane,,,,,,True,식품첨가물공전
31	분지글리코실트랜스퍼라아제,Branching Glycosyltransferase,,,,,,True,식품첨가물공전
32	산성백토,Acid Clay,,,,,,True,식품첨가물공전
33	산소,Oxygen,,,,,,True,식품첨가물공전
34	셀룰라아제,Cellulase,,,,,,True,식품첨가물공전
35	수산,Oxalic Acid,,,,,,True,식품첨가물공전
36	수산화나트륨,Sodium Hydroxide,,,,,,True,식품첨가물공전
37	수산화나트륨액,Sodium Hydroxide Solution,,,,,,True,식품첨가물공전
38	수소,Hydrogen,,,,,,True,식품첨가물공전
39	스테아린산,Stearic Acid; Octadecanoic Acid,,,,,,True,식품첨가물공전
40	α-아밀라아제,α-Amylase,,,,,,True,식품첨가물공전
41	β-아밀라아제,β-Amylase,,,,,,True,식품첨가물공전
42	α-아세토락테이트디카복실라아제,α-Acetolactate decarboxylase,,,,,,True,식품첨가물공전
43	아세톤,Acetone,,,,,,True,식품첨가물공전
44	아스파라지나아제,Asparaginase,,,,,,True,식품첨가물공전
45	암모니아,Ammonia,,,,,,True,식품첨가물공전
46	엑소말토테트라히드로라아제,Exo-maltotetrahydrolase,,,,,,True,식품첨가물공전
47	염산,Hydrochloric Acid,,,,,,True,식품첨가물공전
48	오존수,Ozone Water,,,,,,True,식품첨가물공전
49	올레인산,Oleic Acid,,,,,,True,식품첨가물공전
50	우레아제,Urease,,,,,,True,식품첨가물공전
51	우유응고효소,Milk Clotting Enzyme,,,,,,True,식품첨가물공전
52	유동파라핀,Liquid Paraffin,,,,,,True,식품첨가물공전
이산화규소,Silicon Dioxide,,,,,,True,식품첨가물공전
이산화염소(수),Chlorine Dioxide,,,,,,True,식품첨가물공전
이소프로필알콜,Isopropyl Alcohol,,,,,,True,식품첨가물공전
이온교환수지,Ion Exchange Resin,,,,,,True,식품첨가물공전
인베르타아제,Invertase,,,,,,True,식품첨가물공전
자몽종자추출물,Grapefruit Seed Extract,,,,,,True,식품첨가물공전
자일라나아제,Xylanase,,,,,,True,식품첨가물공전
60 종국,Gibberellic Acid,,,,,,True,식품첨가물공전
지베렐린산,Gibberellic Acid,,,,,,True,식품첨가물공전
질소,Nitrogen,,,,,,True,식품첨가물공전
차아염소산나트륨,Sodium Hypochlorite,,,,,,True,식품첨가물공전
차아염소산수,Hypochlorous Acid Water,,,,,,True,식품첨가물공전
차아염소산칼슘,Calcium Hypochlorite,,,,,,True,식품첨가물공전
청관제,Boiler Water Additives,,,,,,True,식품첨가물공전
초산에틸,Ethyl Acetate,,,,,,True,식품첨가물공전
카탈라아제,Catalase,,,,,,True,식품첨가물공전
카프릭산,Capric Acid,,,,,,True,식품첨가물공전
카프릴산,Caprylic Acid,,,,,,True,식품첨가물공전
키토사나아제,Chitosanase,,,,,,True,식품첨가물공전
탄나아제,Tannase,,,,,,True,식품첨가물공전
탤크,Talc,,,,,,True,식품첨가물공전
트랜스글루코시다아제,Transglucosidase,,,,,,True,식품첨가물공전
트랜스글루타미나아제,Transglutaminase,,,,,,True,식품첨가물공전
트립신,Trypsin,,,,,,True,식품첨가물공전
판크레아틴,Pancreatin,,,,,,True,식품첨가물공전
팔미트산,Palmitic Acid,,,,,,True,식품첨가물공전
53	이산화규소,Silicon Dioxide,,,,,,True,식품첨가물공전
54	이산화염소(수),Chlorine Dioxide,,,,,,True,식품첨가물공전
55	이소프로필알콜,Isopropyl Alcohol,,,,,,True,식품첨가물공전
56	이온교환수지,Ion Exchange Resin,,,,,,True,식품첨가물공전
57	인베르타아제,Invertase,,,,,,True,식품첨가물공전
58	자몽종자추출물,Grapefruit Seed Extract,,,,,,True,식품첨가물공전
59	자일라나아제,Xylanase,,,,,,True,식품첨가물공전
60	종국,Gibberellic Acid,,,,,,True,식품첨가물공전
61	지베렐린산,Gibberellic Acid,,,,,,True,식품첨가물공전
62	질소,Nitrogen,,,,,,True,식품첨가물공전
63	차아염소산나트륨,Sodium Hypochlorite,,,,,,True,식품첨가물공전
64	차아염소산수,Hypochlorous Acid Water,,,,,,True,식품첨가물공전
65	차아염소산칼슘,Calcium Hypochlorite,,,,,,True,식품첨가물공전
66	청관제,Boiler Water Additives,,,,,,True,식품첨가물공전
67	초산에틸,Ethyl Acetate,,,,,,True,식품첨가물공전
68	카탈라아제,Catalase,,,,,,True,식품첨가물공전
69	카프릭산,Capric Acid,,,,,,True,식품첨가물공전
70	카프릴산,Caprylic Acid,,,,,,True,식품첨가물공전
71	키토사나아제,Chitosanase,,,,,,True,식품첨가물공전
72	탄나아제,Tannase,,,,,,True,식품첨가물공전
73	탤크,Talc,,,,,,True,식품첨가물공전
74	트랜스글루코시다아제,Transglucosidase,,,,,,True,식품첨가물공전
75	트랜스글루타미나아제,Transglutaminase,,,,,,True,식품첨가물공전
76	트립신,Trypsin,,,,,,True,식품첨가물공전
77	판크레아틴,Pancreatin,,,,,,True,식품첨가물공전
78	팔미트산,Palmitic Acid,,,,,,True,식품첨가물공전
퍼라이트,Perlite,,,,,,True,식품첨가물공전
펙티나아제,Pectinase,,,,,,True,식품첨가물공전
펩신,Pepsin,,,,,,True,식품첨가물공전
포스포디에스테라아제,Phosphodiesterase,,,,,,True,식품첨가물공전
포스포리파아제,Phospholipase,,,,,,True,식품첨가물공전
폴리비닐폴리피로리돈,Polyvinyl Polypyrrolidone,,,,,,True,식품첨가물공전
풀루라나아제,Pullulanase,,,,,,True,식품첨가물공전
프로테아제,Protease,,,,,,True,식품첨가물공전
피마자유,Castor oil,,,,,,True,식품첨가물공전
헤미셀룰라아제,Hemicellulase,,,,,,True,식품첨가물공전
헥산,Hexane,,,,,,True,식품첨가물공전
활성탄,Active Carbon,,,,,,True,식품첨가물공전
황산,Sulfuric Acid,,,,,,True,식품첨가물공전
황산동,Cupric Sulfate,,,,,,True,식품첨가물공전
황산아연,Zinc Sulfate,,,,,,True,식품첨가물공전
흡착수지,Adsorbent resin,,,,,,True,식품첨가물공전
79	퍼라이트,Perlite,,,,,,True,식품첨가물공전
80	펙티나아제,Pectinase,,,,,,True,식품첨가물공전
81	펩신,Pepsin,,,,,,True,식품첨가물공전
82	포스포디에스테라아제,Phosphodiesterase,,,,,,True,식품첨가물공전
83	포스포리파아제,Phospholipase,,,,,,True,식품첨가물공전
84	폴리비닐폴리피로리돈,Polyvinyl Polypyrrolidone,,,,,,True,식품첨가물공전
85	풀루라나아제,Pullulanase,,,,,,True,식품첨가물공전
86	프로테아제,Protease,,,,,,True,식품첨가물공전
87	피마자유,Castor oil,,,,,,True,식품첨가물공전
88	헤미셀룰라아제,Hemicellulase,,,,,,True,식품첨가물공전
89	헥산,Hexane,,,,,,True,식품첨가물공전
90	활성탄,Active Carbon,,,,,,True,식품첨가물공전
91	황산,Sulfuric Acid,,,,,,True,식품첨가물공전
92	황산동,Cupric Sulfate,,,,,,True,식품첨가물공전
93	황산아연,Zinc Sulfate,,,,,,True,식품첨가물공전
94	흡착수지,Adsorbent resin,,,,,,True,식품첨가물공전
5'-구아닐산이나트륨,Disodium 5'-Guanylate,,,,,,True,식품첨가물공전
구연산망간,Manganese Citrate,,,,,,True,식품첨가물공전
구연산삼나트륨,Trisodium Citrate,,,,,,True,식품첨가물공전
구연산제일철나트륨,Sodium ferrous citrate,,,,,,True,식품첨가물공전
구연산철,Ferric Citrate,,,,,,True,식품첨가물공전
구연산철암모늄,Ferric Ammonium Citrate,,,,,,True,식품첨가물공전
구연산칼륨,Potassium Citrate,,,,,,True,식품첨가물공전
구연산칼슘,Calcium Citrate,,,,,,True,식품첨가물공전
글루콘산나트륨,Sodium Gluconate,,,,,,True,식품첨가물공전
글루콘산동,Copper Gluconate,,,,,,True,식품첨가물공전
글루콘산마그네슘,Magnesium Gluconate,,,,,,True,식품첨가물공전
글루콘산망간,Manganese Gluconate,,,,,,True,식품첨가물공전
글루콘산아연,Zinc Gluconate,,,,,,True,식품첨가물공전
글루콘산철,Ferrous Gluconate,,,,,,True,식품첨가물공전
글루콘산칼륨,Potassium Gluconate,,,,,,True,식품첨가물공전
글루콘산칼슘,Calcium Gluconate,,,,,,True,식품첨가물공전
L-글루타민,L-Glutamine,,,,,,True,식품첨가물공전
L-글루탐산,L-Glutamic Acid,,,,,,True,식품첨가물공전
글리세로인산칼륨,Potassium Glycerophosphate,,,,,,True,식품첨가물공전
글리세로인산칼슘,Calcium Glycerophosphate,,,,,,True,식품첨가물공전
L-글리신,L-Glycine,,,,,,True,식품첨가물공전
니코틴산,Nicotinic Acid,,,,,,True,식품첨가물공전
니코틴산아미드,Nicotinamide,,,,,,True,식품첨가물공전
디벤조일티아민,Dibenzoyl Thiamine,,,,,,True,식품첨가물공전
디벤조일티아민염산염,Dibenzoyl Thiamine Hydrochloride,,,,,,True,식품첨가물공전
L-라이신,L-Lysine,,,,,,True,식품첨가물공전
No.	품목명,Disodium 5'-Guanylate,,,,,,True,식품첨가물공전
1	5'-구아닐산이나트륨,Disodium 5'-Guanylate,,,,,,True,식품첨가물공전
2	구연산망간,Manganese Citrate,,,,,,True,식품첨가물공전
3	구연산삼나트륨,Trisodium Citrate,,,,,,True,식품첨가물공전
4	구연산제일철나트륨,Sodium ferrous citrate,,,,,,True,식품첨가물공전
5	구연산철,Ferric Citrate,,,,,,True,식품첨가물공전
6	구연산철암모늄,Ferric Ammonium Citrate,,,,,,True,식품첨가물공전
7	구연산칼륨,Potassium Citrate,,,,,,True,식품첨가물공전
8	구연산칼슘,Calcium Citrate,,,,,,True,식품첨가물공전
9	글루콘산나트륨,Sodium Gluconate,,,,,,True,식품첨가물공전
10	글루콘산동,Copper Gluconate,,,,,,True,식품첨가물공전
11	글루콘산마그네슘,Magnesium Gluconate,,,,,,True,식품첨가물공전
12	글루콘산망간,Manganese Gluconate,,,,,,True,식품첨가물공전
13	글루콘산아연,Zinc Gluconate,,,,,,True,식품첨가물공전
14	글루콘산철,Ferrous Gluconate,,,,,,True,식품첨가물공전
15	글루콘산칼륨,Potassium Gluconate,,,,,,True,식품첨가물공전
16	글루콘산칼슘,Calcium Gluconate,,,,,,True,식품첨가물공전
17	L-글루타민,L-Glutamine,,,,,,True,식품첨가물공전
18	L-글루탐산,L-Glutamic Acid,,,,,,True,식품첨가물공전
19	글리세로인산칼륨,Potassium Glycerophosphate,,,,,,True,식품첨가물공전
20	글리세로인산칼슘,Calcium Glycerophosphate,,,,,,True,식품첨가물공전
21	L-글리신,L-Glycine,,,,,,True,식품첨가물공전
22	니코틴산,Nicotinic Acid,,,,,,True,식품첨가물공전
23	니코틴산아미드,Nicotinamide,,,,,,True,식품첨가물공전
24	디벤조일티아민,Dibenzoyl Thiamine,,,,,,True,식품첨가물공전
25	디벤조일티아민염산염,Dibenzoyl Thiamine Hydrochloride,,,,,,True,식품첨가물공전
26	L-라이신,L-Lysine,,,,,,True,식품첨가물공전
L-라이신염산염,L-Lysine Monohydrochloride,,,,,,True,식품첨가물공전
락토페린농축물,Lactoferrin Concentrates,,,,,,True,식품첨가물공전
L-로이신,L-Leucine,,,,,,True,식품첨가물공전
5'-리보뉴클레오티드이나트륨,Disodium 5'-Ribonucleotide,,,,,,True,식품첨가물공전
5'-리보뉴클레오티드칼슘,Calcium 5'-Ribonucleotide,,,,,,True,식품첨가물공전
DL-메티오닌,DL-Methionine,,,,,,True,식품첨가물공전
L-메티오닌,L-Methionine,,,,,,True,식품첨가물공전
메틸테트라히드로엽산글루코사민,"(6S)-5-Methyltetrahydrofolic Acid, Glucosamine Salt",,,,,,True,식품첨가물공전
몰리브덴산나트륨,Sodium Molybdate,,,,,,True,식품첨가물공전
몰리브덴산암모늄,Ammonium Molybdate,,,,,,True,식품첨가물공전
뮤신,Mucin,,,,,,True,식품첨가물공전
L-발린,L-Valine,,,,,,True,식품첨가물공전
분말비타민A,Dry Formed Vitamin A,,,,,,True,식품첨가물공전
불화나트륨,Sodium Fluoride,,,,,,True,식품첨가물공전
비오틴,Biotin,,,,,,True,식품첨가물공전
비타민B,Cyanocobalamin,,,,,,True,식품첨가물공전
42 12,Cyanocobalamin,,,,,,True,식품첨가물공전
"비타민B 나프탈린-1,5-디설폰산염","Thiamine Naphthalene-1,5-Disulfonate",,,,,,True,식품첨가물공전
43 1,"Thiamine Naphthalene-1,5-Disulfonate",,,,,,True,식품첨가물공전
비타민B 라우릴황산염,Thiamine Dilaurylsulfate,,,,,,True,식품첨가물공전
44 1,Thiamine Dilaurylsulfate,,,,,,True,식품첨가물공전
비타민B 로단산염,Thiamine Thiocyanate,,,,,,True,식품첨가물공전
45 1,Thiamine Thiocyanate,,,,,,True,식품첨가물공전
비타민B 염산염,Thiamine Hydrochloride,,,,,,True,식품첨가물공전
46 1,Thiamine Hydrochloride,,,,,,True,식품첨가물공전
비타민B 질산염,Thiamine Mononitrate,,,,,,True,식품첨가물공전
47 1,Thiamine Mononitrate,,,,,,True,식품첨가물공전
48 2,Riboflavin,,,,,,True,식품첨가물공전
비타민B 인산에스테르나트륨,Riboflavin 5'-Phosphate Sodium,,,,,,True,식품첨가물공전
49 2,Riboflavin 5'-Phosphate Sodium,,,,,,True,식품첨가물공전
50 6,Pyridoxine Hydrochloride,,,,,,True,식품첨가물공전
비타민C,L-Ascorbic Acid,,,,,,True,식품첨가물공전
비타민D,Calciferol,,,,,,True,식품첨가물공전
52 2,Calciferol,,,,,,True,식품첨가물공전
27	L-라이신염산염,L-Lysine Monohydrochloride,,,,,,True,식품첨가물공전
28	락토페린농축물,Lactoferrin Concentrates,,,,,,True,식품첨가물공전
29	L-로이신,L-Leucine,,,,,,True,식품첨가물공전
30	5'-리보뉴클레오티드이나트륨,Disodium 5'-Ribonucleotide,,,,,,True,식품첨가물공전
31	5'-리보뉴클레오티드칼슘,Calcium 5'-Ribonucleotide,,,,,,True,식품첨가물공전
32	DL-메티오닌,DL-Methionine,,,,,,True,식품첨가물공전
33	L-메티오닌,L-Methionine,,,,,,True,식품첨가물공전
34	메틸테트라히드로엽산글루코사민,"(6S)-5-Methyltetrahydrofolic Acid, Glucosamine Salt",,,,,,True,식품첨가물공전
35	몰리브덴산나트륨,Sodium Molybdate,,,,,,True,식품첨가물공전
36	몰리브덴산암모늄,Ammonium Molybdate,,,,,,True,식품첨가물공전
37	뮤신,Mucin,,,,,,True,식품첨가물공전
38	L-발린,L-Valine,,,,,,True,식품첨가물공전
39	분말비타민A,Dry Formed Vitamin A,,,,,,True,식품첨가물공전
40	불화나트륨,Sodium Fluoride,,,,,,True,식품첨가물공전
41	비오틴,Biotin,,,,,,True,식품첨가물공전
42	비타민B,Cyanocobalamin,,,,,,True,식품첨가물공전
"43	비타민B 나프탈린-1,5-디설폰산염","Thiamine Naphthalene-1,5-Disulfonate",,,,,,True,식품첨가물공전
44	비타민B 라우릴황산염,Thiamine Dilaurylsulfate,,,,,,True,식품첨가물공전
45	비타민B 로단산염,Thiamine Thiocyanate,,,,,,True,식품첨가물공전
46	비타민B 염산염,Thiamine Hydrochloride,,,,,,True,식품첨가물공전
47	비타민B 질산염,Thiamine Mononitrate,,,,,,True,식품첨가물공전
48	비타민B,Riboflavin,,,,,,True,식품첨가물공전
49	비타민B 인산에스테르나트륨,Riboflavin 5'-Phosphate Sodium,,,,,,True,식품첨가물공전
50	비타민B 염산염,Pyridoxine Hydrochloride,,,,,,True,식품첨가물공전
51	비타민C,L-Ascorbic Acid,,,,,,True,식품첨가물공전
52	비타민D,Calciferol,,,,,,True,식품첨가물공전
53 3,Cholecalciferol,,,,,,True,식품첨가물공전
비타민E,dl-α-Tocopherol,,,,,,True,식품첨가물공전
비타민K,Phylloquinone,,,,,,True,식품첨가물공전
55 1,Phylloquinone,,,,,,True,식품첨가물공전
56 2,Menaquinone-7,,,,,,True,식품첨가물공전
산화마그네슘,Magnesium Oxide,,,,,,True,식품첨가물공전
산화아연,Zinc Oxide,,,,,,True,식품첨가물공전
산화칼슘,Calcium Oxide,,,,,,True,식품첨가물공전
L-세린,L-Serine,,,,,,True,식품첨가물공전
셀렌산나트륨,Sodium Selenate,,,,,,True,식품첨가물공전
수산화마그네슘,Magnesium Hydroxide,,,,,,True,식품첨가물공전
수산화칼슘,Calcium Hydroxide,,,,,,True,식품첨가물공전
스테아린산마그네슘,Magnesium Stearate,,,,,,True,식품첨가물공전
스테아린산칼슘,Calcium Stearate,,,,,,True,식품첨가물공전
L-시스테인염산염,L-Cysteine Monohydrochloride,,,,,,True,식품첨가물공전
L-시스틴,L-Cystine,,,,,,True,식품첨가물공전
5'-시티딜산,5'-Cytidylic Acid,,,,,,True,식품첨가물공전
5'-시티딜산이나트륨,Disodium 5'-Cytidylate,,,,,,True,식품첨가물공전
5'-아데닐산,5'-Adenylic Acid,,,,,,True,식품첨가물공전
L-아르지닌,L-Arginine,,,,,,True,식품첨가물공전
아셀렌산나트륨,Sodium Selenite,,,,,,True,식품첨가물공전
L-아스코브산나트륨,Sodium L-Ascorbate,,,,,,True,식품첨가물공전
L-아스코브산칼슘,Calcium L-Ascorbate,,,,,,True,식품첨가물공전
L-아스코빌스테아레이트,L-Ascorbyl Stearate,,,,,,True,식품첨가물공전
L-아스코빌팔미테이트,L-Ascorbyl Palmitate,,,,,,True,식품첨가물공전
L-아스파라진,L-Asparagine,,,,,,True,식품첨가물공전
L-아스파트산,L-Aspartic Acid,,,,,,True,식품첨가물공전
53	비타민D,Cholecalciferol,,,,,,True,식품첨가물공전
54	비타민E,dl-α-Tocopherol,,,,,,True,식품첨가물공전
55	비타민K,Phylloquinone,,,,,,True,식품첨가물공전
56	비타민K,Menaquinone-7,,,,,,True,식품첨가물공전
57	산화마그네슘,Magnesium Oxide,,,,,,True,식품첨가물공전
58	산화아연,Zinc Oxide,,,,,,True,식품첨가물공전
59	산화칼슘,Calcium Oxide,,,,,,True,식품첨가물공전
60	L-세린,L-Serine,,,,,,True,식품첨가물공전
61	셀렌산나트륨,Sodium Selenate,,,,,,True,식품첨가물공전
62	수산화마그네슘,Magnesium Hydroxide,,,,,,True,식품첨가물공전
63	수산화칼슘,Calcium Hydroxide,,,,,,True,식품첨가물공전
64	스테아린산마그네슘,Magnesium Stearate,,,,,,True,식품첨가물공전
65	스테아린산칼슘,Calcium Stearate,,,,,,True,식품첨가물공전
66	L-시스테인염산염,L-Cysteine Monohydrochloride,,,,,,True,식품첨가물공전
67	L-시스틴,L-Cystine,,,,,,True,식품첨가물공전
68	5'-시티딜산,5'-Cytidylic Acid,,,,,,True,식품첨가물공전
69	5'-시티딜산이나트륨,Disodium 5'-Cytidylate,,,,,,True,식품첨가물공전
70	5'-아데닐산,5'-Adenylic Acid,,,,,,True,식품첨가물공전
71	L-아르지닌,L-Arginine,,,,,,True,식품첨가물공전
72	아셀렌산나트륨,Sodium Selenite,,,,,,True,식품첨가물공전
73	L-아스코브산나트륨,Sodium L-Ascorbate,,,,,,True,식품첨가물공전
74	L-아스코브산칼슘,Calcium L-Ascorbate,,,,,,True,식품첨가물공전
75	L-아스코빌스테아레이트,L-Ascorbyl Stearate,,,,,,True,식품첨가물공전
76	L-아스코빌팔미테이트,L-Ascorbyl Palmitate,,,,,,True,식품첨가물공전
77	L-아스파라진,L-Asparagine,,,,,,True,식품첨가물공전
78	L-아스파트산,L-Aspartic Acid,,,,,,True,식품첨가물공전
DL-알라닌,DL-Alanine,,,,,,True,식품첨가물공전
L-알라닌,L-Alanine,,,,,,True,식품첨가물공전
염화마그네슘,Magnesium Chloride,,,,,,True,식품첨가물공전
염화망간,Manganese Chloride,,,,,,True,식품첨가물공전
염화제이철,Ferric Chloride,,,,,,True,식품첨가물공전
염화칼륨,Potassium Chloride,,,,,,True,식품첨가물공전
염화칼슘,Calcium Chloride,,,,,,True,식품첨가물공전
염화콜린,Choline Chloride,,,,,,True,식품첨가물공전
염화크롬,Chromic Chloride,,,,,,True,식품첨가물공전
엽산,Folic Acid,,,,,,True,식품첨가물공전
요오드산칼륨,Potassium Iodate,,,,,,True,식품첨가물공전
요오드칼륨,Potassium Iodide,,,,,,True,식품첨가물공전
용성비타민P,Methyl Hesperidin,,,,,,True,식품첨가물공전
5'-우리딜산이나트륨,Disodium 5'-Uridylate,,,,,,True,식품첨가물공전
유성비타민A지방산에스테르,Vitamin A in Oil,,,,,,True,식품첨가물공전
이노시톨,Inositol,,,,,,True,식품첨가물공전
5'-이노신산이나트륨,Disodium 5'-Inosinate,,,,,,True,식품첨가물공전
이리단백,Milt Protein,,,,,,True,식품첨가물공전
L-이소로이신,L-Isoleucine,,,,,,True,식품첨가물공전
인산,Phosphoric Acid,,,,,,True,식품첨가물공전
인산철,Ferric Phosphate,,,,,,True,식품첨가물공전
전해철,"Iron, Electrolytic",,,,,,True,식품첨가물공전
젖산나트륨,Sodium Lactate,,,,,,True,식품첨가물공전
L-젖산마그네슘,Magnesium L-Lactate,,,,,,True,식품첨가물공전
젖산철,Ferrous Lactate,,,,,,True,식품첨가물공전
젖산칼륨,Potassium Lactate,,,,,,True,식품첨가물공전
79	DL-알라닌,DL-Alanine,,,,,,True,식품첨가물공전
80	L-알라닌,L-Alanine,,,,,,True,식품첨가물공전
81	염화마그네슘,Magnesium Chloride,,,,,,True,식품첨가물공전
82	염화망간,Manganese Chloride,,,,,,True,식품첨가물공전
83	염화제이철,Ferric Chloride,,,,,,True,식품첨가물공전
84	염화칼륨,Potassium Chloride,,,,,,True,식품첨가물공전
85	염화칼슘,Calcium Chloride,,,,,,True,식품첨가물공전
86	염화콜린,Choline Chloride,,,,,,True,식품첨가물공전
87	염화크롬,Chromic Chloride,,,,,,True,식품첨가물공전
88	엽산,Folic Acid,,,,,,True,식품첨가물공전
89	요오드산칼륨,Potassium Iodate,,,,,,True,식품첨가물공전
90	요오드칼륨,Potassium Iodide,,,,,,True,식품첨가물공전
91	용성비타민P,Methyl Hesperidin,,,,,,True,식품첨가물공전
92	5'-우리딜산이나트륨,Disodium 5'-Uridylate,,,,,,True,식품첨가물공전
93	유성비타민A지방산에스테르,Vitamin A in Oil,,,,,,True,식품첨가물공전
94	이노시톨,Inositol,,,,,,True,식품첨가물공전
95	5'-이노신산이나트륨,Disodium 5'-Inosinate,,,,,,True,식품첨가물공전
96	이리단백,Milt Protein,,,,,,True,식품첨가물공전
97	L-이소로이신,L-Isoleucine,,,,,,True,식품첨가물공전
98	인산,Phosphoric Acid,,,,,,True,식품첨가물공전
99	인산철,Ferric Phosphate,,,,,,True,식품첨가물공전
100	전해철,"Iron, Electrolytic",,,,,,True,식품첨가물공전
101	젖산나트륨,Sodium Lactate,,,,,,True,식품첨가물공전
102	L-젖산마그네슘,Magnesium L-Lactate,,,,,,True,식품첨가물공전
103	젖산철,Ferrous Lactate,,,,,,True,식품첨가물공전
104	젖산칼륨,Potassium Lactate,,,,,,True,식품첨가물공전
젖산칼슘,Calcium Lactate,,,,,,True,식품첨가물공전
제삼인산나트륨,"Sodium Phosphate, Tribasic",,,,,,True,식품첨가물공전
제삼인산마그네슘,"Magnesium Phosphate, Tribasic",,,,,,True,식품첨가물공전
제삼인산칼륨,"Potassium Phosphate, Tribasic",,,,,,True,식품첨가물공전
제삼인산칼슘,"Calcium Phosphate, Tribasic",,,,,,True,식품첨가물공전
제이인산나트륨,"Sodium Phosphate, Dibasic",,,,,,True,식품첨가물공전
제이인산마그네슘,"Magnesium Phosphate, Dibasic",,,,,,True,식품첨가물공전
제이인산칼륨,"Potassium Phosphate, Dibasic",,,,,,True,식품첨가물공전
제이인산칼슘,"Calcium Phosphate, Dibasic",,,,,,True,식품첨가물공전
제일인산나트륨,"Sodium Phosphate, Monobasic",,,,,,True,식품첨가물공전
제일인산칼륨,"Potassium Phosphate, Monobasic",,,,,,True,식품첨가물공전
제일인산칼슘,"Calcium Phosphate, Monobasic",,,,,,True,식품첨가물공전
L-주석산나트륨,Sodium L-Tartrate,,,,,,True,식품첨가물공전
주석산수소콜린,Choline Bitartrate,,,,,,True,식품첨가물공전
카로틴,Carotene,,,,,,True,식품첨가물공전
β-카로틴,β-Carotene,,,,,,True,식품첨가물공전
L-카르니틴,L-Carnitine,,,,,,True,식품첨가물공전
타우린,Taurine,,,,,,True,식품첨가물공전
탄산나트륨,Sodium Carbonate,,,,,,True,식품첨가물공전
탄산마그네슘,Magnesium Carbonate,,,,,,True,식품첨가물공전
탄산수소나트륨,Sodium Bicarbonate,,,,,,True,식품첨가물공전
탄산수소칼륨,Potassium Bicarbonate,,,,,,True,식품첨가물공전
탄산칼륨(무수),"Potassium Carbonate, Anhydrous",,,,,,True,식품첨가물공전
탄산칼슘,Calcium Carbonate,,,,,,True,식품첨가물공전
테아닌,L-Theanine,,,,,,True,식품첨가물공전
d-α-토코페롤,d-α-Tocopherol Concentrate,,,,,,True,식품첨가물공전
105	젖산칼슘,Calcium Lactate,,,,,,True,식품첨가물공전
106	제삼인산나트륨,"Sodium Phosphate, Tribasic",,,,,,True,식품첨가물공전
107	제삼인산마그네슘,"Magnesium Phosphate, Tribasic",,,,,,True,식품첨가물공전
108	제삼인산칼륨,"Potassium Phosphate, Tribasic",,,,,,True,식품첨가물공전
109	제삼인산칼슘,"Calcium Phosphate, Tribasic",,,,,,True,식품첨가물공전
110	제이인산나트륨,"Sodium Phosphate, Dibasic",,,,,,True,식품첨가물공전
111	제이인산마그네슘,"Magnesium Phosphate, Dibasic",,,,,,True,식품첨가물공전
112	제이인산칼륨,"Potassium Phosphate, Dibasic",,,,,,True,식품첨가물공전
113	제이인산칼슘,"Calcium Phosphate, Dibasic",,,,,,True,식품첨가물공전
114	제일인산나트륨,"Sodium Phosphate, Monobasic",,,,,,True,식품첨가물공전
115	제일인산칼륨,"Potassium Phosphate, Monobasic",,,,,,True,식품첨가물공전
116	제일인산칼슘,"Calcium Phosphate, Monobasic",,,,,,True,식품첨가물공전
117	L-주석산나트륨,Sodium L-Tartrate,,,,,,True,식품첨가물공전
118	주석산수소콜린,Choline Bitartrate,,,,,,True,식품첨가물공전
119	카로틴,Carotene,,,,,,True,식품첨가물공전
120	β-카로틴,β-Carotene,,,,,,True,식품첨가물공전
121	L-카르니틴,L-Carnitine,,,,,,True,식품첨가물공전
122	타우린,Taurine,,,,,,True,식품첨가물공전
123	탄산나트륨,Sodium Carbonate,,,,,,True,식품첨가물공전
124	탄산마그네슘,Magnesium Carbonate,,,,,,True,식품첨가물공전
125	탄산수소나트륨,Sodium Bicarbonate,,,,,,True,식품첨가물공전
126	탄산수소칼륨,Potassium Bicarbonate,,,,,,True,식품첨가물공전
127	탄산칼륨(무수),"Potassium Carbonate, Anhydrous",,,,,,True,식품첨가물공전
128	탄산칼슘,Calcium Carbonate,,,,,,True,식품첨가물공전
129	테아닌,L-Theanine,,,,,,True,식품첨가물공전
130	d-α-토코페롤,d-α-Tocopherol Concentrate,,,,,,True,식품첨가물공전
d-토코페롤(혼합형),"d-Tocopherol Concentrate, Mixed",,,,,,True,식품첨가물공전
d-α-토코페릴아세테이트,d-α-Tocopheryl Acetate,,,,,,True,식품첨가물공전
dl-α-토코페릴아세테이트,dl-α-Tocopheryl Acetate,,,,,,True,식품첨가물공전
d-α-토코페릴호박산,ｄ-α-Tocopheryl Acid Succinate,,,,,,True,식품첨가물공전
DL-트레오닌,DL-Threonine,,,,,,True,식품첨가물공전
L-트레오닌,L-Threonine,,,,,,True,식품첨가물공전
DL-트립토판,DL-Tryptophan,,,,,,True,식품첨가물공전
L-트립토판,L-Tryptophan,,,,,,True,식품첨가물공전
L-티로신,L-Tyrosine,,,,,,True,식품첨가물공전
판토텐산나트륨,Sodium Pantothenate,,,,,,True,식품첨가물공전
판토텐산칼슘,Calcium Pantothenate,,,,,,True,식품첨가물공전
DL-페닐알라닌,DL-Phenylalanine,,,,,,True,식품첨가물공전
L-페닐알라닌,L-Phenylalanine,,,,,,True,식품첨가물공전
푸마르산제일철,Ferrous Fumarate,,,,,,True,식품첨가물공전
L-프롤린,L-Proline,,,,,,True,식품첨가물공전
피로인산제이철,Ferric Pyrophosphate,,,,,,True,식품첨가물공전
피로인산철나트륨,Sodium Ferric Pyrophosphate,,,,,,True,식품첨가물공전
헤스페리딘,Hesperidin,,,,,,True,식품첨가물공전
헴철,Heme Iron,,,,,,True,식품첨가물공전
환원철,"Iron, Reduced",,,,,,True,식품첨가물공전
황산나트륨,Sodium Sulfate,,,,,,True,식품첨가물공전
황산동,Cupric Sulfate,,,,,,True,식품첨가물공전
황산마그네슘,Magnesium Sulfate,,,,,,True,식품첨가물공전
황산망간,Manganese Sulfate,,,,,,True,식품첨가물공전
황산아연,Zinc Sulfate,,,,,,True,식품첨가물공전
황산제일철,Ferrous Sulfate,,,,,,True,식품첨가물공전
131	d-토코페롤(혼합형),"d-Tocopherol Concentrate, Mixed",,,,,,True,식품첨가물공전
132	d-α-토코페릴아세테이트,d-α-Tocopheryl Acetate,,,,,,True,식품첨가물공전
133	dl-α-토코페릴아세테이트,dl-α-Tocopheryl Acetate,,,,,,True,식품첨가물공전
134	d-α-토코페릴호박산,ｄ-α-Tocopheryl Acid Succinate,,,,,,True,식품첨가물공전
135	DL-트레오닌,DL-Threonine,,,,,,True,식품첨가물공전
136	L-트레오닌,L-Threonine,,,,,,True,식품첨가물공전
137	DL-트립토판,DL-Tryptophan,,,,,,True,식품첨가물공전
138	L-트립토판,L-Tryptophan,,,,,,True,식품첨가물공전
139	L-티로신,L-Tyrosine,,,,,,True,식품첨가물공전
140	판토텐산나트륨,Sodium Pantothenate,,,,,,True,식품첨가물공전
141	판토텐산칼슘,Calcium Pantothenate,,,,,,True,식품첨가물공전
142	DL-페닐알라닌,DL-Phenylalanine,,,,,,True,식품첨가물공전
143	L-페닐알라닌,L-Phenylalanine,,,,,,True,식품첨가물공전
144	푸마르산제일철,Ferrous Fumarate,,,,,,True,식품첨가물공전
145	L-프롤린,L-Proline,,,,,,True,식품첨가물공전
146	피로인산제이철,Ferric Pyrophosphate,,,,,,True,식품첨가물공전
147	피로인산철나트륨,Sodium Ferric Pyrophosphate,,,,,,True,식품첨가물공전
148	헤스페리딘,Hesperidin,,,,,,True,식품첨가물공전
149	헴철,Heme Iron,,,,,,True,식품첨가물공전
150	환원철,"Iron, Reduced",,,,,,True,식품첨가물공전
151	황산나트륨,Sodium Sulfate,,,,,,True,식품첨가물공전
152	황산동,Cupric Sulfate,,,,,,True,식품첨가물공전
153	황산마그네슘,Magnesium Sulfate,,,,,,True,식품첨가물공전
154	황산망간,Manganese Sulfate,,,,,,True,식품첨가물공전
155	황산아연,Zinc Sulfate,,,,,,True,식품첨가물공전
156	황산제일철,Ferrous Sulfate,,,,,,True,식품첨가물공전
황산칼슘,Calcium Sulfate,,,,,,True,식품첨가물공전
효소처리헤스페리딘,Enzymatically Modified Hesperidine,,,,,,True,식품첨가물공전
L-히스티딘,L-Histidine,,,,,,True,식품첨가물공전
L-히스티딘염산염,L-Histidine Monohydrochloride,,,,,,True,식품첨가물공전
157	황산칼슘,Calcium Sulfate,,,,,,True,식품첨가물공전
158	효소처리헤스페리딘,Enzymatically Modified Hesperidine,,,,,,True,식품첨가물공전
159	L-히스티딘,L-Histidine,,,,,,True,식품첨가물공전
160	L-히스티딘염산염,L-Histidine Monohydrochloride,,,,,,True,식품첨가물공전
1 L-글루탐산나트륨제제,,,,,,,True,식품첨가물공전
2 면류첨가알칼리제,,,,,,,True,식품첨가물공전
3 발색제제,,,,,,,True,식품첨가물공전
4 보존료제제,,,,,,,True,식품첨가물공전
5 사카린나트륨제제,,,,,,,True,식품첨가물공전
6 타르색소제제,,,,,,,True,식품첨가물공전
7 팽창제제,,,,,,,True,식품첨가물공전
8 향료제제,,,,,,,True,식품첨가물공전
9 혼합제제,,,,,,,True,식품첨가물공전
No.	품목명,,,,,,,True,식품첨가물공전
1	L-글루탐산나트륨제제,,,,,,,True,식품첨가물공전
2	면류첨가알칼리제,,,,,,,True,식품첨가물공전
3	발색제제,,,,,,,True,식품첨가물공전
4	보존료제제,,,,,,,True,식품첨가물공전
5	사카린나트륨제제,,,,,,,True,식품첨가물공전
6	타르색소제제,,,,,,,True,식품첨가물공전
7	팽창제제,,,,,,,True,식품첨가물공전
8	향료제제,,,,,,,True,식품첨가물공전
9	혼합제제,,,,,,,True,식품첨가물공전
과산화수소제제,Hydrogen Peroxide Preparations,,,,,,True,식품첨가물공전
과산화초산제제,Peroxyacetic Acid Preparations,,,,,,True,식품첨가물공전
구연산제제,Citric Acid Preparations,,,,,,True,식품첨가물공전
에탄올제제,Ethanol Preparations,,,,,,True,식품첨가물공전
"염화-N-데실-N,N-디메틸-1-데칸아미늄제제","N-Decyl-N,N-dimethyl-1-decanaminium chloride Preparations",,,,,,True,식품첨가물공전
염화알킬(C -C )벤질디메틸암모늄제제,n-Alkyl(C12-C18)benzyldimethylammonium chloride Preparations,,,,,,True,식품첨가물공전
6 12 18,n-Alkyl(C12-C18)benzyldimethylammonium chloride Preparations,,,,,,True,식품첨가물공전
요오드제제,Iodine Preparations,,,,,,True,식품첨가물공전
이산화염소제제,Chlorine Dioxide Preparations,,,,,,True,식품첨가물공전
이염화이소시아뉼산나트륨제제,Sodium Dichloroisocyanurate Preparations,,,,,,True,식품첨가물공전
젖산제제,Lactic Acid Preparations,,,,,,True,식품첨가물공전
차아염소산나트륨제제,Sodium Hypochlorite Preparations,,,,,,True,식품첨가물공전
차아염소산수,Hypochlorous Acid Water,,,,,,True,식품첨가물공전
폴리(헥사메틸렌비구아니드)하이드로클로라이드제제,Poly(hexamethylenebiguanide)hydrochloride Preparations,,,,,,True,식품첨가물공전
No.	품목명,Hydrogen Peroxide Preparations,,,,,,True,식품첨가물공전
1	과산화수소제제,Hydrogen Peroxide Preparations,,,,,,True,식품첨가물공전
2	과산화초산제제,Peroxyacetic Acid Preparations,,,,,,True,식품첨가물공전
3	구연산제제,Citric Acid Preparations,,,,,,True,식품첨가물공전
4	에탄올제제,Ethanol Preparations,,,,,,True,식품첨가물공전
"5	염화-N-데실-N,N-디메틸-1-데칸아미늄제제","N-Decyl-N,N-dimethyl-1-decanaminium chloride Preparations",,,,,,True,식품첨가물공전
6	염화알킬(C -C )벤질디메틸암모늄제제,n-Alkyl(C12-C18)benzyldimethylammonium chloride Preparations,,,,,,True,식품첨가물공전
12 18,n-Alkyl(C12-C18)benzyldimethylammonium chloride Preparations,,,,,,True,식품첨가물공전
7	요오드제제,Iodine Preparations,,,,,,True,식품첨가물공전
8	이산화염소제제,Chlorine Dioxide Preparations,,,,,,True,식품첨가물공전
9	이염화이소시아뉼산나트륨제제,Sodium Dichloroisocyanurate Preparations,,,,,,True,식품첨가물공전
10	젖산제제,Lactic Acid Preparations,,,,,,True,식품첨가물공전
11	차아염소산나트륨제제,Sodium Hypochlorite Preparations,,,,,,True,식품첨가물공전
12	차아염소산수,Hypochlorous Acid Water,,,,,,True,식품첨가물공전
13	폴리(헥사메틸렌비구아니드)하이드로클로라이드제제,Poly(hexamethylenebiguanide)hydrochloride Preparations,,,,,,True,식품첨가물공전
